system,commodity,country_or_region,metric,mapping_status,primary_report_id,source_sheet,report_title,toc_section,original_commodity,original_country,original_metric,title_row,header_row,data_row,section_boundary,market_years,market_year_columns,excluded_period_columns,original_unit,standard_unit,source_cell_or_range,has_footnote,has_star,forecast_status,is_derived,derivation_formula,derivation_components,latest_annual_change_ready,quarter_revision_ready,main_risk
大豆体系,Soybeans,Global,Beginning Stocks,direct,AN139900,AN139900,SOYBEANS : World Supply and Demand ( Mn T ),Commodity Section,Soybeans,Global,Opening stocks,1,3,4,,26/27F | 25/26 | 24/25 | 23/24 | 22/23,C:G,,Mn T,1000 T,AN139900!C4:G4,False,False,explicit_forecast,False,,,True,True,
大豆体系,Soybeans,Global,Production,direct,AN139900,AN139900,SOYBEANS : World Supply and Demand ( Mn T ),Commodity Section,Soybeans,Global,Production,1,3,6,,26/27F | 25/26 | 24/25 | 23/24 | 22/23,C:G,,Mn T,1000 T,AN139900!C6:G6,False,False,explicit_forecast,False,,,True,True,
大豆体系,Soybeans,Global,Imports,direct,AN13992,AN13992,"SOYBEANS : World Crushings, Exports and Imports (1000 T)",Commodity Section,Soybeans,Global,Total Imports,1,77,107,Imports: rows 77–107,Oct Sept 25/26F | Oct Sept 24/25 | Oct Sept 23/24 | Oct Sept 22/23 | Oct Sept 21/22,B:F,"G:M (Apr–Sept, Oct–Mar, Jan–Dec)",1000 T,1000 T,AN13992!B107:F107,False,False,explicit_forecast,False,,,True,True,
大豆体系,Soybeans,Global,Exports,direct,AN13992,AN13992,"SOYBEANS : World Crushings, Exports and Imports (1000 T)",Commodity Section,Soybeans,Global,Total Exports,1,54,73,Exports: rows 54–76,Oct Sept 25/26F | Oct Sept 24/25 | Oct Sept 23/24 | Oct Sept 22/23 | Oct Sept 21/22,B:F,"G:M (Apr–Sept, Oct–Mar, Jan–Dec)",1000 T,1000 T,AN13992!B73:F73,False,False,explicit_forecast,False,,,True,True,
大豆体系,Soybeans,Global,Crush,direct,AN139900,AN139900,SOYBEANS : World Supply and Demand ( Mn T ),Commodity Section,Soybeans,Global,Crush (Sept/Aug),1,3,23,,26/27F | 25/26 | 24/25 | 23/24 | 22/23,C:G,,Mn T,1000 T,AN139900!C23:G23,False,False,explicit_forecast,False,,,True,True,
大豆体系,Soybeans,Global,Product Output,not_applicable,,,,,Soybeans,Global,,,,,,,,,,,,False,False,,False,,,False,False,上游油籽使用 Production 与 Crush；Product Output 不适用。
大豆体系,Soybeans,Global,Domestic Consumption,derived,AN139900,AN139900,SOYBEANS : World Supply and Demand ( Mn T ),Commodity Section,Soybeans,Global,Crush + Other use,1,3,23+25,,26/27F | 25/26 | 24/25 | 23/24 | 22/23,C:G,,Mn T,1000 T,AN139900!C23:G23 + AN139900!C25:G25,False,False,explicit_forecast,True,Domestic Consumption = Crush + Other use,AN139900: Crush row 23; Other use row 25,True,True,Oil World世界平衡式确认该两项合计为总国内使用；保留原始指标名。
大豆体系,Soybeans,Global,Ending Stocks,direct,AN139900,AN139900,SOYBEANS : World Supply and Demand ( Mn T ),Commodity Section,Soybeans,Global,Ending stocks,1,3,27,,26/27F | 25/26 | 24/25 | 23/24 | 22/23,C:G,,Mn T,1000 T,AN139900!C27:G27,False,False,explicit_forecast,False,,,True,True,
大豆体系,Soybeans,Global,Stocks/Use Ratio,direct,AN139900,AN139900,SOYBEANS : World Supply and Demand ( Mn T ),Commodity Section,Soybeans,Global,Stocks/usage,1,3,32,,26/27F | 25/26 | 24/25 | 23/24 | 22/23,C:G,,%,%,AN139900!C32:G32,False,False,explicit_forecast,False,,,False,True,
大豆体系,Soybeans,Global,Area Harvested,direct,AN13993,AN13993,"SOYBEANS : World Production (1000T), Yields (T/ha) and Harvested Area (1000ha)",Commodity Section,Soybeans,Global,HARVEST'D AREA,1,3,20,,26/27 | 25/26 | 24/25,K:M,"F/J/N (five-year average, not an annual period)",1000 ha,1000 ha,AN13993!K20:M20,False,False,implicit_forecast,False,,,True,True,
大豆体系,Soybeans,Global,Yield,direct,AN13993,AN13993,"SOYBEANS : World Production (1000T), Yields (T/ha) and Harvested Area (1000ha)",Commodity Section,Soybeans,Global,Y I E L D,1,3,20,,26/27 | 25/26 | 24/25,G:I,"F/J/N (five-year average, not an annual period)",T/ha,T/ha,AN13993!G20:I20,False,False,implicit_forecast,False,,,True,True,
大豆体系,Soybeans,United States,Beginning Stocks,direct,AN40502B,AN40502B,U.S.A. : Soybean Balance (1000 T),Country Section,Soybeans,United States,Open'g stocks,1,2,3,,Sept Aug 26/27 | Sept Aug 25/26 | Sept Aug 24/25 | Sept Aug 23/24 | Sept Aug 22/23 | Sept Aug 21/22,B:G,,1000 T,1000 T,AN40502B!B3:G3,False,False,implicit_forecast,False,,,True,True,
大豆体系,Soybeans,United States,Production,direct,AN40502B,AN40502B,U.S.A. : Soybean Balance (1000 T),Country Section,Soybeans,United States,Crop,1,2,4,,Sept Aug 26/27 | Sept Aug 25/26 | Sept Aug 24/25 | Sept Aug 23/24 | Sept Aug 22/23 | Sept Aug 21/22,B:G,,1000 T,1000 T,AN40502B!B4:G4,False,False,implicit_forecast,False,,,True,True,
大豆体系,Soybeans,United States,Imports,direct,AN40502B,AN40502B,U.S.A. : Soybean Balance (1000 T),Country Section,Soybeans,United States,Imports,1,2,5,,Sept Aug 26/27 | Sept Aug 25/26 | Sept Aug 24/25 | Sept Aug 23/24 | Sept Aug 22/23 | Sept Aug 21/22,B:G,,1000 T,1000 T,AN40502B!B5:G5,False,False,implicit_forecast,False,,,True,True,
大豆体系,Soybeans,United States,Exports,direct,AN40502B,AN40502B,U.S.A. : Soybean Balance (1000 T),Country Section,Soybeans,United States,Exports,1,2,6,,Sept Aug 26/27 | Sept Aug 25/26 | Sept Aug 24/25 | Sept Aug 23/24 | Sept Aug 22/23 | Sept Aug 21/22,B:G,,1000 T,1000 T,AN40502B!B6:G6,False,False,implicit_forecast,False,,,True,True,
大豆体系,Soybeans,United States,Crush,direct,AN40502B,AN40502B,U.S.A. : Soybean Balance (1000 T),Country Section,Soybeans,United States,Crushings,1,2,7,,Sept Aug 26/27 | Sept Aug 25/26 | Sept Aug 24/25 | Sept Aug 23/24 | Sept Aug 22/23 | Sept Aug 21/22,B:G,,1000 T,1000 T,AN40502B!B7:G7,False,False,implicit_forecast,False,,,True,True,
大豆体系,Soybeans,United States,Product Output,not_applicable,,,,,Soybeans,United States,,,,,,,,,,,,False,False,,False,,,False,False,上游油籽使用 Production 与 Crush；Product Output 不适用。
大豆体系,Soybeans,United States,Domestic Consumption,derived,AN40502B,AN40502B,U.S.A. : Soybean Balance (1000 T),Country Section,Soybeans,United States,Crushings + Other use,1,2,7+8,,Sept Aug 26/27 | Sept Aug 25/26 | Sept Aug 24/25 | Sept Aug 23/24 | Sept Aug 22/23 | Sept Aug 21/22,B:G,,1000 T,1000 T,AN40502B!B7:G7 + AN40502B!B8:G8,False,False,implicit_forecast,True,Domestic Consumption = Crushings + Other use,AN40502B row 7 + row 8,True,True,只在同一国家平衡表、同一年度和单位下派生。
大豆体系,Soybeans,United States,Ending Stocks,direct,AN40502B,AN40502B,U.S.A. : Soybean Balance (1000 T),Country Section,Soybeans,United States,Ending stocks,1,2,9,,Sept Aug 26/27 | Sept Aug 25/26 | Sept Aug 24/25 | Sept Aug 23/24 | Sept Aug 22/23 | Sept Aug 21/22,B:G,,1000 T,1000 T,AN40502B!B9:G9,False,False,implicit_forecast,False,,,True,True,
大豆体系,Soybeans,United States,Stocks/Use Ratio,derived,AN40502B,AN40502B,U.S.A. : Soybean Balance (1000 T),Country Section,Soybeans,United States,Ending stocks / (Crushings + Other use),1,2,7+8+9,,Sept Aug 26/27 | Sept Aug 25/26 | Sept Aug 24/25 | Sept Aug 23/24 | Sept Aug 22/23 | Sept Aug 21/22,B:G,,%,%,AN40502B!B9:G9 / (AN40502B!B7:G7 + AN40502B!B8:G8),False,False,implicit_forecast,True,Stocks/Use Ratio = Ending Stocks / Domestic Consumption × 100,"AN40502B rows 7, 8, 9",True,True,分母口径由同商品世界表直接公布的Stocks/usage关系验证；变化单位为百分点。
大豆体系,Soybeans,United States,Area Harvested,direct,AN13993,AN13993,"SOYBEANS : World Production (1000T), Yields (T/ha) and Harvested Area (1000ha)",Commodity Section,Soybeans,United States,HARVEST'D AREA,1,3,8,,26/27 | 25/26 | 24/25,K:M,five-year average columns F/J/N,1000 ha,1000 ha,AN13993!K8:M8,False,False,implicit_forecast,False,,,True,True,
大豆体系,Soybeans,United States,Yield,direct,AN13993,AN13993,"SOYBEANS : World Production (1000T), Yields (T/ha) and Harvested Area (1000ha)",Commodity Section,Soybeans,United States,Y I E L D,1,3,8,,26/27 | 25/26 | 24/25,G:I,five-year average columns F/J/N,T/ha,T/ha,AN13993!G8:I8,False,False,implicit_forecast,False,,,True,True,
大豆体系,Soybeans,Brazil,Beginning Stocks,conflict,AN51000A,AN51000A,BRAZIL: Soybean Balance (1000 ),Country Section,Soybeans,Brazil,,,,,,,,,,,,False,False,,False,,,False,False,主国家表采用Jan–Dec自然年，按本次规则不得混入完整市场年度矩阵。
大豆体系,Soybeans,Brazil,Production,conflict,AN51000A,AN51000A,BRAZIL: Soybean Balance (1000 ),Country Section,Soybeans,Brazil,,,,,,,,,,,,False,False,,False,,,False,False,主国家表采用Jan–Dec自然年，按本次规则不得混入完整市场年度矩阵。
大豆体系,Soybeans,Brazil,Imports,conflict,AN51000A,AN51000A,BRAZIL: Soybean Balance (1000 ),Country Section,Soybeans,Brazil,,,,,,,,,,,,False,False,,False,,,False,False,主国家表采用Jan–Dec自然年，按本次规则不得混入完整市场年度矩阵。
大豆体系,Soybeans,Brazil,Exports,conflict,AN51000A,AN51000A,BRAZIL: Soybean Balance (1000 ),Country Section,Soybeans,Brazil,,,,,,,,,,,,False,False,,False,,,False,False,主国家表采用Jan–Dec自然年，按本次规则不得混入完整市场年度矩阵。
大豆体系,Soybeans,Brazil,Crush,conflict,AN51000A,AN51000A,BRAZIL: Soybean Balance (1000 ),Country Section,Soybeans,Brazil,,,,,,,,,,,,False,False,,False,,,False,False,主国家表采用Jan–Dec自然年，按本次规则不得混入完整市场年度矩阵。
大豆体系,Soybeans,Brazil,Product Output,not_applicable,,,,,Soybeans,Brazil,,,,,,,,,,,,False,False,,False,,,False,False,上游油籽使用 Production 与 Crush；Product Output 不适用。
大豆体系,Soybeans,Brazil,Domestic Consumption,conflict,AN51000A,AN51000A,BRAZIL: Soybean Balance (1000 ),Country Section,Soybeans,Brazil,,,,,,,,,,,,False,False,,False,,,False,False,主国家表采用Jan–Dec自然年，按本次规则不得混入完整市场年度矩阵。
大豆体系,Soybeans,Brazil,Ending Stocks,conflict,AN51000A,AN51000A,BRAZIL: Soybean Balance (1000 ),Country Section,Soybeans,Brazil,,,,,,,,,,,,False,False,,False,,,False,False,主国家表采用Jan–Dec自然年，按本次规则不得混入完整市场年度矩阵。
大豆体系,Soybeans,Brazil,Stocks/Use Ratio,conflict,AN51000A,AN51000A,BRAZIL: Soybean Balance (1000 ),Country Section,Soybeans,Brazil,,,,,,,,,,,,False,False,,False,,,False,False,主国家表采用Jan–Dec自然年，按本次规则不得混入完整市场年度矩阵。
大豆体系,Soybeans,Brazil,Area Harvested,direct,AN13993,AN13993,"SOYBEANS : World Production (1000T), Yields (T/ha) and Harvested Area (1000ha)",Commodity Section,Soybeans,Brazil,HARVEST'D AREA,1,3,11,,26/27 | 25/26 | 24/25,K:M,five-year average columns F/J/N,1000 ha,1000 ha,AN13993!K11:M11,False,False,implicit_forecast,False,,,True,True,
大豆体系,Soybeans,Brazil,Yield,direct,AN13993,AN13993,"SOYBEANS : World Production (1000T), Yields (T/ha) and Harvested Area (1000ha)",Commodity Section,Soybeans,Brazil,Y I E L D,1,3,11,,26/27 | 25/26 | 24/25,G:I,five-year average columns F/J/N,T/ha,T/ha,AN13993!G11:I11,False,False,implicit_forecast,False,,,True,True,
大豆体系,Soybeans,Argentina,Beginning Stocks,direct,AN50001,AN50001,ARGENTINA : Soybean Balance (1000 T),Country Section,Soybeans,Argentina,Open'g stocks,1,2,3,,Apr Mar 26/27F | Apr Mar 25/26 | Apr Mar 24/25 | Apr Mar 23/24 | Apr Mar 22/23 | Apr Mar 21/22,B:G,H:M (Sept–Mar and Apr–Aug partial periods),1000 T,1000 T,AN50001!B3:G3,False,False,explicit_forecast,False,,,True,True,
大豆体系,Soybeans,Argentina,Production,direct,AN50001,AN50001,ARGENTINA : Soybean Balance (1000 T),Country Section,Soybeans,Argentina,Crop,1,2,4,,Apr Mar 26/27F | Apr Mar 25/26 | Apr Mar 24/25 | Apr Mar 23/24 | Apr Mar 22/23 | Apr Mar 21/22,B:G,H:M (Sept–Mar and Apr–Aug partial periods),1000 T,1000 T,AN50001!B4:G4,False,False,explicit_forecast,False,,,True,True,
大豆体系,Soybeans,Argentina,Imports,direct,AN50001,AN50001,ARGENTINA : Soybean Balance (1000 T),Country Section,Soybeans,Argentina,Imports,1,2,5,,Apr Mar 26/27F | Apr Mar 25/26 | Apr Mar 24/25 | Apr Mar 23/24 | Apr Mar 22/23 | Apr Mar 21/22,B:G,H:M (Sept–Mar and Apr–Aug partial periods),1000 T,1000 T,AN50001!B5:G5,False,False,explicit_forecast,False,,,True,True,
大豆体系,Soybeans,Argentina,Exports,direct,AN50001,AN50001,ARGENTINA : Soybean Balance (1000 T),Country Section,Soybeans,Argentina,Exports,1,2,6,,Apr Mar 26/27F | Apr Mar 25/26 | Apr Mar 24/25 | Apr Mar 23/24 | Apr Mar 22/23 | Apr Mar 21/22,B:G,H:M (Sept–Mar and Apr–Aug partial periods),1000 T,1000 T,AN50001!B6:G6,False,False,explicit_forecast,False,,,True,True,
大豆体系,Soybeans,Argentina,Crush,direct,AN50001,AN50001,ARGENTINA : Soybean Balance (1000 T),Country Section,Soybeans,Argentina,Crushings,1,2,7,,Apr Mar 26/27F | Apr Mar 25/26 | Apr Mar 24/25 | Apr Mar 23/24 | Apr Mar 22/23 | Apr Mar 21/22,B:G,H:M (Sept–Mar and Apr–Aug partial periods),1000 T,1000 T,AN50001!B7:G7,False,False,explicit_forecast,False,,,True,True,
大豆体系,Soybeans,Argentina,Product Output,not_applicable,,,,,Soybeans,Argentina,,,,,,,,,,,,False,False,,False,,,False,False,上游油籽使用 Production 与 Crush；Product Output 不适用。
大豆体系,Soybeans,Argentina,Domestic Consumption,derived,AN50001,AN50001,ARGENTINA : Soybean Balance (1000 T),Country Section,Soybeans,Argentina,Crushings + Other use,1,2,7+8,,Apr Mar 26/27F | Apr Mar 25/26 | Apr Mar 24/25 | Apr Mar 23/24 | Apr Mar 22/23 | Apr Mar 21/22,B:G,,1000 T,1000 T,AN50001!B7:G7 + AN50001!B8:G8,False,False,explicit_forecast,True,Domestic Consumption = Crushings + Other use,AN50001 row 7 + row 8,True,True,只在同一国家平衡表、同一年度和单位下派生。
大豆体系,Soybeans,Argentina,Ending Stocks,direct,AN50001,AN50001,ARGENTINA : Soybean Balance (1000 T),Country Section,Soybeans,Argentina,Ending stocks,1,2,9,,Apr Mar 26/27F | Apr Mar 25/26 | Apr Mar 24/25 | Apr Mar 23/24 | Apr Mar 22/23 | Apr Mar 21/22,B:G,H:M (Sept–Mar and Apr–Aug partial periods),1000 T,1000 T,AN50001!B9:G9,False,False,explicit_forecast,False,,,True,True,
大豆体系,Soybeans,Argentina,Stocks/Use Ratio,derived,AN50001,AN50001,ARGENTINA : Soybean Balance (1000 T),Country Section,Soybeans,Argentina,Ending stocks / (Crushings + Other use),1,2,7+8+9,,Apr Mar 26/27F | Apr Mar 25/26 | Apr Mar 24/25 | Apr Mar 23/24 | Apr Mar 22/23 | Apr Mar 21/22,B:G,,%,%,AN50001!B9:G9 / (AN50001!B7:G7 + AN50001!B8:G8),False,False,explicit_forecast,True,Stocks/Use Ratio = Ending Stocks / Domestic Consumption × 100,"AN50001 rows 7, 8, 9",True,True,分母口径由同商品世界表直接公布的Stocks/usage关系验证；变化单位为百分点。
大豆体系,Soybeans,Argentina,Area Harvested,direct,AN13993,AN13993,"SOYBEANS : World Production (1000T), Yields (T/ha) and Harvested Area (1000ha)",Commodity Section,Soybeans,Argentina,HARVEST'D AREA,1,3,10,,26/27 | 25/26 | 24/25,K:M,five-year average columns F/J/N,1000 ha,1000 ha,AN13993!K10:M10,False,False,implicit_forecast,False,,,True,True,
大豆体系,Soybeans,Argentina,Yield,direct,AN13993,AN13993,"SOYBEANS : World Production (1000T), Yields (T/ha) and Harvested Area (1000ha)",Commodity Section,Soybeans,Argentina,Y I E L D,1,3,10,,26/27 | 25/26 | 24/25,G:I,five-year average columns F/J/N,T/ha,T/ha,AN13993!G10:I10,False,False,implicit_forecast,False,,,True,True,
大豆体系,Soybeans,China,Beginning Stocks,direct,AN62801,AN62801,"CHINA,PR: Soybean Balance (1000 T)",Country Section,Soybeans,China,Open'g stocks,1,2,3,,Sept Aug 25/26 | Sept Aug 24/25 | Sept Aug 23/24 | Sept Aug 22/23 | Sept Aug 21/22 | Sept Aug 20/21,B:G,,1000 T,1000 T,AN62801!B3:G3,False,False,historical,False,,,True,True,
大豆体系,Soybeans,China,Production,direct,AN62801,AN62801,"CHINA,PR: Soybean Balance (1000 T)",Country Section,Soybeans,China,Crop,1,2,4,,Sept Aug 25/26 | Sept Aug 24/25 | Sept Aug 23/24 | Sept Aug 22/23 | Sept Aug 21/22 | Sept Aug 20/21,B:G,,1000 T,1000 T,AN62801!B4:G4,False,False,historical,False,,,True,True,
大豆体系,Soybeans,China,Imports,direct,AN62801,AN62801,"CHINA,PR: Soybean Balance (1000 T)",Country Section,Soybeans,China,Imports,1,2,5,,Sept Aug 25/26 | Sept Aug 24/25 | Sept Aug 23/24 | Sept Aug 22/23 | Sept Aug 21/22 | Sept Aug 20/21,B:G,,1000 T,1000 T,AN62801!B5:G5,False,False,historical,False,,,True,True,
大豆体系,Soybeans,China,Exports,direct,AN62801,AN62801,"CHINA,PR: Soybean Balance (1000 T)",Country Section,Soybeans,China,Exports,1,2,6,,Sept Aug 25/26 | Sept Aug 24/25 | Sept Aug 23/24 | Sept Aug 22/23 | Sept Aug 21/22 | Sept Aug 20/21,B:G,,1000 T,1000 T,AN62801!B6:G6,False,False,historical,False,,,True,True,
大豆体系,Soybeans,China,Crush,direct,AN62801,AN62801,"CHINA,PR: Soybean Balance (1000 T)",Country Section,Soybeans,China,Crushings,1,2,7,,Sept Aug 25/26 | Sept Aug 24/25 | Sept Aug 23/24 | Sept Aug 22/23 | Sept Aug 21/22 | Sept Aug 20/21,B:G,,1000 T,1000 T,AN62801!B7:G7,False,False,historical,False,,,True,True,
大豆体系,Soybeans,China,Product Output,not_applicable,,,,,Soybeans,China,,,,,,,,,,,,False,False,,False,,,False,False,上游油籽使用 Production 与 Crush；Product Output 不适用。
大豆体系,Soybeans,China,Domestic Consumption,derived,AN62801,AN62801,"CHINA,PR: Soybean Balance (1000 T)",Country Section,Soybeans,China,Crushings + Other use,1,2,7+8,,Sept Aug 25/26 | Sept Aug 24/25 | Sept Aug 23/24 | Sept Aug 22/23 | Sept Aug 21/22 | Sept Aug 20/21,B:G,,1000 T,1000 T,AN62801!B7:G7 + AN62801!B8:G8,False,False,historical,True,Domestic Consumption = Crushings + Other use,AN62801 row 7 + row 8,True,True,只在同一国家平衡表、同一年度和单位下派生。
大豆体系,Soybeans,China,Ending Stocks,direct,AN62801,AN62801,"CHINA,PR: Soybean Balance (1000 T)",Country Section,Soybeans,China,Ending stocks,1,2,9,,Sept Aug 25/26 | Sept Aug 24/25 | Sept Aug 23/24 | Sept Aug 22/23 | Sept Aug 21/22 | Sept Aug 20/21,B:G,,1000 T,1000 T,AN62801!B9:G9,False,False,historical,False,,,True,True,
大豆体系,Soybeans,China,Stocks/Use Ratio,derived,AN62801,AN62801,"CHINA,PR: Soybean Balance (1000 T)",Country Section,Soybeans,China,Ending stocks / (Crushings + Other use),1,2,7+8+9,,Sept Aug 25/26 | Sept Aug 24/25 | Sept Aug 23/24 | Sept Aug 22/23 | Sept Aug 21/22 | Sept Aug 20/21,B:G,,%,%,AN62801!B9:G9 / (AN62801!B7:G7 + AN62801!B8:G8),False,False,historical,True,Stocks/Use Ratio = Ending Stocks / Domestic Consumption × 100,"AN62801 rows 7, 8, 9",True,True,分母口径由同商品世界表直接公布的Stocks/usage关系验证；变化单位为百分点。
大豆体系,Soybeans,China,Area Harvested,direct,AN13993,AN13993,"SOYBEANS : World Production (1000T), Yields (T/ha) and Harvested Area (1000ha)",Commodity Section,Soybeans,China,HARVEST'D AREA,1,3,14,,26/27 | 25/26 | 24/25,K:M,five-year average columns F/J/N,1000 ha,1000 ha,AN13993!K14:M14,False,False,implicit_forecast,False,,,True,True,
大豆体系,Soybeans,China,Yield,direct,AN13993,AN13993,"SOYBEANS : World Production (1000T), Yields (T/ha) and Harvested Area (1000ha)",Commodity Section,Soybeans,China,Y I E L D,1,3,14,,26/27 | 25/26 | 24/25,G:I,five-year average columns F/J/N,T/ha,T/ha,AN13993!G14:I14,False,False,implicit_forecast,False,,,True,True,
大豆体系,Soybeans,G3,Beginning Stocks,conflict,AN40502B;AN51000A;AN50001,AN40502B;AN51000A;AN50001,,,Soybeans,G3,,,,,,,,,,,,False,False,,False,,,False,False,G3国家平衡表分别采用Sept–Aug、Apr–Mar和Jan–Dec，不能未经说明直接相加。
大豆体系,Soybeans,G3,Production,derived,AN13993,AN13993,"SOYBEANS : World Production (1000T), Yields (T/ha) and Harvested Area (1000ha)",Commodity Section,Soybeans,G3,Production,1,3,8 + 11 + 10,,26/27 | 25/26 | 24/25,C:E / G:I / K:M as applicable,five-year average columns F/J/N,1000 T,1000 T,AN13993!C8:E8 + AN13993!C11:E11 + AN13993!C10:E10,False,False,implicit_forecast,True,G3 Production = United States + Brazil + Argentina,United States: AN13993 row 8; Brazil: AN13993 row 11; Argentina: AN13993 row 10,True,True,同一世界作物年度列可聚合，但美国、阿根廷和巴西实际收获月份不同，页面必须披露Oil World作物年度口径。
大豆体系,Soybeans,G3,Imports,derived,AN13992,AN13992,"SOYBEANS : World Crushings, Exports and Imports (1000 T)",Commodity Section,Soybeans,G3,Imports,1,77,85 + 88 + 87,Imports: rows 77–107,Oct Sept 25/26F | Oct Sept 24/25 | Oct Sept 23/24 | Oct Sept 22/23 | Oct Sept 21/22,B:F,"G:M (Apr–Sept, Oct–Mar, Jan–Dec)",1000 T,1000 T,AN13992!B85:F85 + AN13992!B88:F88 + AN13992!B87:F87,False,False,explicit_forecast,True,G3 = United States + Brazil + Argentina,United States: row 85; Brazil: row 88; Argentina: row 87,True,True,三个组成国位于同一Oct–Sept章节和同一单位；不得用空白补0。
大豆体系,Soybeans,G3,Exports,derived,AN13992,AN13992,"SOYBEANS : World Crushings, Exports and Imports (1000 T)",Commodity Section,Soybeans,G3,Exports,1,54,63 + 66 + 64,Exports: rows 54–76,Oct Sept 25/26F | Oct Sept 24/25 | Oct Sept 23/24 | Oct Sept 22/23 | Oct Sept 21/22,B:F,"G:M (Apr–Sept, Oct–Mar, Jan–Dec)",1000 T,1000 T,AN13992!B63:F63 + AN13992!B66:F66 + AN13992!B64:F64,False,False,explicit_forecast,True,G3 = United States + Brazil + Argentina,United States: row 63; Brazil: row 66; Argentina: row 64,True,True,三个组成国位于同一Oct–Sept章节和同一单位；不得用空白补0。
大豆体系,Soybeans,G3,Crush,derived,AN13992,AN13992,"SOYBEANS : World Crushings, Exports and Imports (1000 T)",Commodity Section,Soybeans,G3,Crush,1,2,33 + 37 + 35,Crush: rows 2–53,Oct Sept 25/26F | Oct Sept 24/25 | Oct Sept 23/24 | Oct Sept 22/23 | Oct Sept 21/22,B:F,"G:M (Apr–Sept, Oct–Mar, Jan–Dec)",1000 T,1000 T,AN13992!B33:F33 + AN13992!B37:F37 + AN13992!B35:F35,False,False,explicit_forecast,True,G3 = United States + Brazil + Argentina,United States: row 33; Brazil: row 37; Argentina: row 35,True,True,三个组成国位于同一Oct–Sept章节和同一单位；不得用空白补0。
大豆体系,Soybeans,G3,Product Output,not_applicable,,,,,Soybeans,G3,,,,,,,,,,,,False,False,,False,,,False,False,上游油籽使用 Production 与 Crush；Product Output 不适用。
大豆体系,Soybeans,G3,Domestic Consumption,conflict,AN40502B;AN51000A;AN50001,AN40502B;AN51000A;AN50001,,,Soybeans,G3,,,,,,,,,,,,False,False,,False,,,False,False,G3国家平衡表分别采用Sept–Aug、Apr–Mar和Jan–Dec，不能未经说明直接相加。
大豆体系,Soybeans,G3,Ending Stocks,conflict,AN40502B;AN51000A;AN50001,AN40502B;AN51000A;AN50001,,,Soybeans,G3,,,,,,,,,,,,False,False,,False,,,False,False,G3国家平衡表分别采用Sept–Aug、Apr–Mar和Jan–Dec，不能未经说明直接相加。
大豆体系,Soybeans,G3,Stocks/Use Ratio,conflict,AN40502B;AN51000A;AN50001,AN40502B;AN51000A;AN50001,,,Soybeans,G3,,,,,,,,,,,,False,False,,False,,,False,False,G3国家平衡表分别采用Sept–Aug、Apr–Mar和Jan–Dec，不能未经说明直接相加。
大豆体系,Soybeans,G3,Area Harvested,derived,AN13993,AN13993,"SOYBEANS : World Production (1000T), Yields (T/ha) and Harvested Area (1000ha)",Commodity Section,Soybeans,G3,Area Harvested,1,3,8 + 11 + 10,,26/27 | 25/26 | 24/25,C:E / G:I / K:M as applicable,five-year average columns F/J/N,1000 ha,1000 ha,AN13993!K8:M8 + AN13993!K11:M11 + AN13993!K10:M10,False,False,implicit_forecast,True,G3 Area Harvested = United States + Brazil + Argentina,United States: AN13993 row 8; Brazil: AN13993 row 11; Argentina: AN13993 row 10,True,True,同一世界作物年度列可聚合，但美国、阿根廷和巴西实际收获月份不同，页面必须披露Oil World作物年度口径。
大豆体系,Soybeans,G3,Yield,derived,AN13993,AN13993,"SOYBEANS : World Production (1000T), Yields (T/ha) and Harvested Area (1000ha)",Commodity Section,Soybeans,G3,Yield,1,3,8 + 11 + 10,,26/27 | 25/26 | 24/25,C:E / G:I / K:M as applicable,five-year average columns F/J/N,T/ha,T/ha,AN13993!C8:E8 + AN13993!C11:E11 + AN13993!C10:E10 / AN13993!K8:M8 + AN13993!K11:M11 + AN13993!K10:M10,False,False,implicit_forecast,True,G3 Yield = sum(Production) / sum(Area Harvested),United States: AN13993 row 8; Brazil: AN13993 row 11; Argentina: AN13993 row 10,True,True,同一世界作物年度列可聚合，但美国、阿根廷和巴西实际收获月份不同，页面必须披露Oil World作物年度口径。
菜籽体系,Rapeseed / Canola,Global,Beginning Stocks,direct,AN149900,AN149900,RAPESEED & CANOLA: World Supply & Demand (Mn T),Commodity Section,Rapeseed / Canola,Global,Open’g stocks,1,3,5,, |  |  |  | ,C:G,,Mn T,1000 T,AN149900!C5:G5,False,False,historical,False,,,True,True,
菜籽体系,Rapeseed / Canola,Global,Production,direct,AN149900,AN149900,RAPESEED & CANOLA: World Supply & Demand (Mn T),Commodity Section,Rapeseed / Canola,Global,Production,1,3,7,, |  |  |  | ,C:G,,Mn T,1000 T,AN149900!C7:G7,False,False,historical,False,,,True,True,
菜籽体系,Rapeseed / Canola,Global,Imports,direct,AN14992,AN14992,"RAPESEED / CANOLA : World Crushings, Exports and Imports (1000 T)",Commodity Section,Rapeseed / Canola,Global,Total Imports,1,35,47,Imports: rows 35–47,Oct Sept 25/26F | Oct Sept 24/25 | Oct Sept 23/24 | Oct Sept 22/23 | Oct Sept 21/22,B:F,"G:M (Apr–Sept, Oct–Mar, Jan–Dec)",1000 T,1000 T,AN14992!B47:F47,False,False,explicit_forecast,False,,,True,True,
菜籽体系,Rapeseed / Canola,Global,Exports,direct,AN14992,AN14992,"RAPESEED / CANOLA : World Crushings, Exports and Imports (1000 T)",Commodity Section,Rapeseed / Canola,Global,Total Exports,1,21,31,Exports: rows 21–34,Oct Sept 25/26F | Oct Sept 24/25 | Oct Sept 23/24 | Oct Sept 22/23 | Oct Sept 21/22,B:F,"G:M (Apr–Sept, Oct–Mar, Jan–Dec)",1000 T,1000 T,AN14992!B31:F31,False,False,explicit_forecast,False,,,True,True,
菜籽体系,Rapeseed / Canola,Global,Crush,direct,AN149900,AN149900,RAPESEED & CANOLA: World Supply & Demand (Mn T),Commodity Section,Rapeseed / Canola,Global,Crush (July/June),1,3,18,, |  |  |  | ,C:G,,Mn T,1000 T,AN149900!C18:G18,False,False,historical,False,,,True,True,
菜籽体系,Rapeseed / Canola,Global,Product Output,not_applicable,,,,,Rapeseed / Canola,Global,,,,,,,,,,,,False,False,,False,,,False,False,上游油籽使用 Production 与 Crush；Product Output 不适用。
菜籽体系,Rapeseed / Canola,Global,Domestic Consumption,derived,AN149900,AN149900,RAPESEED & CANOLA: World Supply & Demand (Mn T),Commodity Section,Rapeseed / Canola,Global,Crush + Other use,1,3,18+20,, |  |  |  | ,C:G,,Mn T,1000 T,AN149900!C18:G18 + AN149900!C20:G20,False,False,historical,True,Domestic Consumption = Crush + Other use,AN149900: Crush row 18; Other use row 20,True,True,Oil World世界平衡式确认该两项合计为总国内使用；保留原始指标名。
菜籽体系,Rapeseed / Canola,Global,Ending Stocks,direct,AN149900,AN149900,RAPESEED & CANOLA: World Supply & Demand (Mn T),Commodity Section,Rapeseed / Canola,Global,End’g stocks,1,3,22,, |  |  |  | ,C:G,,Mn T,1000 T,AN149900!C22:G22,False,False,historical,False,,,True,True,
菜籽体系,Rapeseed / Canola,Global,Stocks/Use Ratio,direct,AN149900,AN149900,RAPESEED & CANOLA: World Supply & Demand (Mn T),Commodity Section,Rapeseed / Canola,Global,Stocks/usage,1,3,25,, |  |  |  | ,C:G,,%,%,AN149900!C25:G25,False,False,historical,False,,,False,True,
菜籽体系,Rapeseed / Canola,Global,Area Harvested,direct,AN14993,AN14993,"RAPESEED / CANOLA : World Production (1000T), Yields (T/ha) and Harvested Area (1000ha)",Commodity Section,Rapeseed / Canola,Global,HARVEST'D AREA,1,3,39,,26/27 | 25/26 | 24/25,K:M,"F/J/N (five-year average, not an annual period)",1000 ha,1000 ha,AN14993!K39:M39,False,False,implicit_forecast,False,,,True,True,
菜籽体系,Rapeseed / Canola,Global,Yield,direct,AN14993,AN14993,"RAPESEED / CANOLA : World Production (1000T), Yields (T/ha) and Harvested Area (1000ha)",Commodity Section,Rapeseed / Canola,Global,Y I E L D,1,3,39,,26/27 | 25/26 | 24/25,G:I,"F/J/N (five-year average, not an annual period)",T/ha,T/ha,AN14993!G39:I39,False,False,implicit_forecast,False,,,True,True,
菜籽体系,Rapeseed / Canola,Canada,Beginning Stocks,direct,AN40001,AN40001,CANADA : Rapeseed/Canola Balance (1000 T),Country Section,Rapeseed / Canola,Canada,Open'g stocks,1,2,3,,Aug July 26/27F | Aug July 25/26 | Aug July 24/25 | Aug July 23/24 | Aug July 22/23 | Aug July 21/22,B:G,,1000 T,1000 T,AN40001!B3:G3,False,False,explicit_forecast,False,,,True,True,
菜籽体系,Rapeseed / Canola,Canada,Production,direct,AN40001,AN40001,CANADA : Rapeseed/Canola Balance (1000 T),Country Section,Rapeseed / Canola,Canada,Crop,1,2,4,,Aug July 26/27F | Aug July 25/26 | Aug July 24/25 | Aug July 23/24 | Aug July 22/23 | Aug July 21/22,B:G,,1000 T,1000 T,AN40001!B4:G4,False,False,explicit_forecast,False,,,True,True,
菜籽体系,Rapeseed / Canola,Canada,Imports,direct,AN40001,AN40001,CANADA : Rapeseed/Canola Balance (1000 T),Country Section,Rapeseed / Canola,Canada,Imports,1,2,5,,Aug July 26/27F | Aug July 25/26 | Aug July 24/25 | Aug July 23/24 | Aug July 22/23 | Aug July 21/22,B:G,,1000 T,1000 T,AN40001!B5:G5,False,False,explicit_forecast,False,,,True,True,
菜籽体系,Rapeseed / Canola,Canada,Exports,direct,AN40001,AN40001,CANADA : Rapeseed/Canola Balance (1000 T),Country Section,Rapeseed / Canola,Canada,Exports,1,2,6,,Aug July 26/27F | Aug July 25/26 | Aug July 24/25 | Aug July 23/24 | Aug July 22/23 | Aug July 21/22,B:G,,1000 T,1000 T,AN40001!B6:G6,False,False,explicit_forecast,False,,,True,True,
菜籽体系,Rapeseed / Canola,Canada,Crush,direct,AN40001,AN40001,CANADA : Rapeseed/Canola Balance (1000 T),Country Section,Rapeseed / Canola,Canada,Crushings,1,2,7,,Aug July 26/27F | Aug July 25/26 | Aug July 24/25 | Aug July 23/24 | Aug July 22/23 | Aug July 21/22,B:G,,1000 T,1000 T,AN40001!B7:G7,False,False,explicit_forecast,False,,,True,True,
菜籽体系,Rapeseed / Canola,Canada,Product Output,not_applicable,,,,,Rapeseed / Canola,Canada,,,,,,,,,,,,False,False,,False,,,False,False,上游油籽使用 Production 与 Crush；Product Output 不适用。
菜籽体系,Rapeseed / Canola,Canada,Domestic Consumption,derived,AN40001,AN40001,CANADA : Rapeseed/Canola Balance (1000 T),Country Section,Rapeseed / Canola,Canada,Crushings + Other use,1,2,7+8,,Aug July 26/27F | Aug July 25/26 | Aug July 24/25 | Aug July 23/24 | Aug July 22/23 | Aug July 21/22,B:G,,1000 T,1000 T,AN40001!B7:G7 + AN40001!B8:G8,False,False,explicit_forecast,True,Domestic Consumption = Crushings + Other use,AN40001 row 7 + row 8,True,True,只在同一国家平衡表、同一年度和单位下派生。
菜籽体系,Rapeseed / Canola,Canada,Ending Stocks,direct,AN40001,AN40001,CANADA : Rapeseed/Canola Balance (1000 T),Country Section,Rapeseed / Canola,Canada,Ending stocks,1,2,9,,Aug July 26/27F | Aug July 25/26 | Aug July 24/25 | Aug July 23/24 | Aug July 22/23 | Aug July 21/22,B:G,,1000 T,1000 T,AN40001!B9:G9,False,False,explicit_forecast,False,,,True,True,
菜籽体系,Rapeseed / Canola,Canada,Stocks/Use Ratio,derived,AN40001,AN40001,CANADA : Rapeseed/Canola Balance (1000 T),Country Section,Rapeseed / Canola,Canada,Ending stocks / (Crushings + Other use),1,2,7+8+9,,Aug July 26/27F | Aug July 25/26 | Aug July 24/25 | Aug July 23/24 | Aug July 22/23 | Aug July 21/22,B:G,,%,%,AN40001!B9:G9 / (AN40001!B7:G7 + AN40001!B8:G8),False,False,explicit_forecast,True,Stocks/Use Ratio = Ending Stocks / Domestic Consumption × 100,"AN40001 rows 7, 8, 9",True,True,分母口径由同商品世界表直接公布的Stocks/usage关系验证；变化单位为百分点。
菜籽体系,Rapeseed / Canola,Canada,Area Harvested,direct,AN14993,AN14993,"RAPESEED / CANOLA : World Production (1000T), Yields (T/ha) and Harvested Area (1000ha)",Commodity Section,Rapeseed / Canola,Canada,HARVEST'D AREA,1,3,31,,26/27 | 25/26 | 24/25,K:M,five-year average columns F/J/N,1000 ha,1000 ha,AN14993!K31:M31,False,False,implicit_forecast,False,,,True,True,
菜籽体系,Rapeseed / Canola,Canada,Yield,direct,AN14993,AN14993,"RAPESEED / CANOLA : World Production (1000T), Yields (T/ha) and Harvested Area (1000ha)",Commodity Section,Rapeseed / Canola,Canada,Y I E L D,1,3,31,,26/27 | 25/26 | 24/25,G:I,five-year average columns F/J/N,T/ha,T/ha,AN14993!G31:I31,False,False,implicit_forecast,False,,,True,True,
菜籽体系,Rapeseed / Canola,European Union,Beginning Stocks,direct,AN049104,AN049104,EU - 27 : Summary of Rapeseed Supply & Demand (1000 T),Country Section,Rapeseed / Canola,European Union,Open'g stocks,1,2,3,,July June 26/27F | July June 25/26 | July June 24/25 | July June 23/24 | July June 22/23 | July June 21/22,B:G,,1000 T,1000 T,AN049104!B3:G3,False,False,explicit_forecast,False,,,True,True,
菜籽体系,Rapeseed / Canola,European Union,Production,direct,AN049104,AN049104,EU - 27 : Summary of Rapeseed Supply & Demand (1000 T),Country Section,Rapeseed / Canola,European Union,Crop,1,2,4,,July June 26/27F | July June 25/26 | July June 24/25 | July June 23/24 | July June 22/23 | July June 21/22,B:G,,1000 T,1000 T,AN049104!B4:G4,False,False,explicit_forecast,False,,,True,True,
菜籽体系,Rapeseed / Canola,European Union,Imports,direct,AN049104,AN049104,EU - 27 : Summary of Rapeseed Supply & Demand (1000 T),Country Section,Rapeseed / Canola,European Union,Imports,1,2,5,,July June 26/27F | July June 25/26 | July June 24/25 | July June 23/24 | July June 22/23 | July June 21/22,B:G,,1000 T,1000 T,AN049104!B5:G5,False,False,explicit_forecast,False,,,True,True,
菜籽体系,Rapeseed / Canola,European Union,Exports,direct,AN049104,AN049104,EU - 27 : Summary of Rapeseed Supply & Demand (1000 T),Country Section,Rapeseed / Canola,European Union,Exports,1,2,6,,July June 26/27F | July June 25/26 | July June 24/25 | July June 23/24 | July June 22/23 | July June 21/22,B:G,,1000 T,1000 T,AN049104!B6:G6,False,False,explicit_forecast,False,,,True,True,
菜籽体系,Rapeseed / Canola,European Union,Crush,direct,AN049104,AN049104,EU - 27 : Summary of Rapeseed Supply & Demand (1000 T),Country Section,Rapeseed / Canola,European Union,Crushings,1,2,7,,July June 26/27F | July June 25/26 | July June 24/25 | July June 23/24 | July June 22/23 | July June 21/22,B:G,,1000 T,1000 T,AN049104!B7:G7,False,False,explicit_forecast,False,,,True,True,
菜籽体系,Rapeseed / Canola,European Union,Product Output,not_applicable,,,,,Rapeseed / Canola,European Union,,,,,,,,,,,,False,False,,False,,,False,False,上游油籽使用 Production 与 Crush；Product Output 不适用。
菜籽体系,Rapeseed / Canola,European Union,Domestic Consumption,derived,AN049104,AN049104,EU - 27 : Summary of Rapeseed Supply & Demand (1000 T),Country Section,Rapeseed / Canola,European Union,Crushings + Other use,1,2,7+8,,July June 26/27F | July June 25/26 | July June 24/25 | July June 23/24 | July June 22/23 | July June 21/22,B:G,,1000 T,1000 T,AN049104!B7:G7 + AN049104!B8:G8,False,False,explicit_forecast,True,Domestic Consumption = Crushings + Other use,AN049104 row 7 + row 8,True,True,只在同一国家平衡表、同一年度和单位下派生。
菜籽体系,Rapeseed / Canola,European Union,Ending Stocks,direct,AN049104,AN049104,EU - 27 : Summary of Rapeseed Supply & Demand (1000 T),Country Section,Rapeseed / Canola,European Union,Ending stocks,1,2,9,,July June 26/27F | July June 25/26 | July June 24/25 | July June 23/24 | July June 22/23 | July June 21/22,B:G,,1000 T,1000 T,AN049104!B9:G9,False,False,explicit_forecast,False,,,True,True,
菜籽体系,Rapeseed / Canola,European Union,Stocks/Use Ratio,derived,AN049104,AN049104,EU - 27 : Summary of Rapeseed Supply & Demand (1000 T),Country Section,Rapeseed / Canola,European Union,Ending stocks / (Crushings + Other use),1,2,7+8+9,,July June 26/27F | July June 25/26 | July June 24/25 | July June 23/24 | July June 22/23 | July June 21/22,B:G,,%,%,AN049104!B9:G9 / (AN049104!B7:G7 + AN049104!B8:G8),False,False,explicit_forecast,True,Stocks/Use Ratio = Ending Stocks / Domestic Consumption × 100,"AN049104 rows 7, 8, 9",True,True,分母口径由同商品世界表直接公布的Stocks/usage关系验证；变化单位为百分点。
菜籽体系,Rapeseed / Canola,European Union,Area Harvested,derived,AN14993,AN14993,"RAPESEED / CANOLA : World Production (1000T), Yields (T/ha) and Harvested Area (1000ha)",Commodity Section,Rapeseed / Canola,European Union,Area Harvested,1,3,4:26,,26/27 | 25/26 | 24/25,C:E / G:I / K:M as applicable,five-year average columns F/J/N,1000 ha,1000 ha,sum(AN14993!K4:M26),False,False,implicit_forecast,True,EU Area Harvested = sum of listed EU member rows,listed EU member rows AN14993!4:26,True,True,成员行合计与EU国家平衡表Production存在0–1千吨四舍五入差；季度更新需检查成员覆盖变化。
菜籽体系,Rapeseed / Canola,European Union,Yield,derived,AN14993,AN14993,"RAPESEED / CANOLA : World Production (1000T), Yields (T/ha) and Harvested Area (1000ha)",Commodity Section,Rapeseed / Canola,European Union,Yield,1,3,4:26,,26/27 | 25/26 | 24/25,C:E / G:I / K:M as applicable,five-year average columns F/J/N,T/ha,T/ha,sum(AN14993!C4:E26) / sum(AN14993!K4:M26),False,False,implicit_forecast,True,EU Yield = EU member Production sum / EU member Area sum,listed EU member rows AN14993!4:26,True,True,成员行合计与EU国家平衡表Production存在0–1千吨四舍五入差；季度更新需检查成员覆盖变化。
菜籽体系,Rapeseed / Canola,Australia,Beginning Stocks,direct,AN80501,AN80501,AUSTRALIA : Rapeseed Balance (1000 T),Country Section,Rapeseed / Canola,Australia,Open'g stocks,1,2,3,,Oct Sept 26/27F | Oct Sept 25/26 | Oct Sept 24/25 | Oct Sept 23/24 | Oct Sept 22/23 | Oct Sept 21/22,B:G,,1000 T,1000 T,AN80501!B3:G3,False,False,explicit_forecast,False,,,True,True,
菜籽体系,Rapeseed / Canola,Australia,Production,direct,AN80501,AN80501,AUSTRALIA : Rapeseed Balance (1000 T),Country Section,Rapeseed / Canola,Australia,Crop,1,2,4,,Oct Sept 26/27F | Oct Sept 25/26 | Oct Sept 24/25 | Oct Sept 23/24 | Oct Sept 22/23 | Oct Sept 21/22,B:G,,1000 T,1000 T,AN80501!B4:G4,False,False,explicit_forecast,False,,,True,True,
菜籽体系,Rapeseed / Canola,Australia,Imports,direct,AN80501,AN80501,AUSTRALIA : Rapeseed Balance (1000 T),Country Section,Rapeseed / Canola,Australia,Imports,1,2,5,,Oct Sept 26/27F | Oct Sept 25/26 | Oct Sept 24/25 | Oct Sept 23/24 | Oct Sept 22/23 | Oct Sept 21/22,B:G,,1000 T,1000 T,AN80501!B5:G5,False,False,explicit_forecast,False,,,True,True,
菜籽体系,Rapeseed / Canola,Australia,Exports,direct,AN80501,AN80501,AUSTRALIA : Rapeseed Balance (1000 T),Country Section,Rapeseed / Canola,Australia,Exports,1,2,6,,Oct Sept 26/27F | Oct Sept 25/26 | Oct Sept 24/25 | Oct Sept 23/24 | Oct Sept 22/23 | Oct Sept 21/22,B:G,,1000 T,1000 T,AN80501!B6:G6,False,False,explicit_forecast,False,,,True,True,
菜籽体系,Rapeseed / Canola,Australia,Crush,direct,AN80501,AN80501,AUSTRALIA : Rapeseed Balance (1000 T),Country Section,Rapeseed / Canola,Australia,Crushings,1,2,7,,Oct Sept 26/27F | Oct Sept 25/26 | Oct Sept 24/25 | Oct Sept 23/24 | Oct Sept 22/23 | Oct Sept 21/22,B:G,,1000 T,1000 T,AN80501!B7:G7,False,False,explicit_forecast,False,,,True,True,
菜籽体系,Rapeseed / Canola,Australia,Product Output,not_applicable,,,,,Rapeseed / Canola,Australia,,,,,,,,,,,,False,False,,False,,,False,False,上游油籽使用 Production 与 Crush；Product Output 不适用。
菜籽体系,Rapeseed / Canola,Australia,Domestic Consumption,derived,AN80501,AN80501,AUSTRALIA : Rapeseed Balance (1000 T),Country Section,Rapeseed / Canola,Australia,Crushings + Other use,1,2,7+8,,Oct Sept 26/27F | Oct Sept 25/26 | Oct Sept 24/25 | Oct Sept 23/24 | Oct Sept 22/23 | Oct Sept 21/22,B:G,,1000 T,1000 T,AN80501!B7:G7 + AN80501!B8:G8,False,False,explicit_forecast,True,Domestic Consumption = Crushings + Other use,AN80501 row 7 + row 8,True,True,只在同一国家平衡表、同一年度和单位下派生。
菜籽体系,Rapeseed / Canola,Australia,Ending Stocks,direct,AN80501,AN80501,AUSTRALIA : Rapeseed Balance (1000 T),Country Section,Rapeseed / Canola,Australia,Ending stocks,1,2,9,,Oct Sept 26/27F | Oct Sept 25/26 | Oct Sept 24/25 | Oct Sept 23/24 | Oct Sept 22/23 | Oct Sept 21/22,B:G,,1000 T,1000 T,AN80501!B9:G9,False,False,explicit_forecast,False,,,True,True,
菜籽体系,Rapeseed / Canola,Australia,Stocks/Use Ratio,derived,AN80501,AN80501,AUSTRALIA : Rapeseed Balance (1000 T),Country Section,Rapeseed / Canola,Australia,Ending stocks / (Crushings + Other use),1,2,7+8+9,,Oct Sept 26/27F | Oct Sept 25/26 | Oct Sept 24/25 | Oct Sept 23/24 | Oct Sept 22/23 | Oct Sept 21/22,B:G,,%,%,AN80501!B9:G9 / (AN80501!B7:G7 + AN80501!B8:G8),False,False,explicit_forecast,True,Stocks/Use Ratio = Ending Stocks / Domestic Consumption × 100,"AN80501 rows 7, 8, 9",True,True,分母口径由同商品世界表直接公布的Stocks/usage关系验证；变化单位为百分点。
菜籽体系,Rapeseed / Canola,Australia,Area Harvested,direct,AN14993,AN14993,"RAPESEED / CANOLA : World Production (1000T), Yields (T/ha) and Harvested Area (1000ha)",Commodity Section,Rapeseed / Canola,Australia,HARVEST'D AREA,1,3,37,,26/27 | 25/26 | 24/25,K:M,five-year average columns F/J/N,1000 ha,1000 ha,AN14993!K37:M37,False,False,implicit_forecast,False,,,True,True,
菜籽体系,Rapeseed / Canola,Australia,Yield,direct,AN14993,AN14993,"RAPESEED / CANOLA : World Production (1000T), Yields (T/ha) and Harvested Area (1000ha)",Commodity Section,Rapeseed / Canola,Australia,Y I E L D,1,3,37,,26/27 | 25/26 | 24/25,G:I,five-year average columns F/J/N,T/ha,T/ha,AN14993!G37:I37,False,False,implicit_forecast,False,,,True,True,
菜籽体系,Rapeseed / Canola,China,Beginning Stocks,direct,AN62802,AN62802,"CHINA,PR : Rapeseed Balance (1000 T)",Country Section,Rapeseed / Canola,China,Open'g stocks,1,2,3,,June May 26/27 | June May 25/26 | June May 24/25 | June May 23/24 | June May 22/23 | June May 21/22,B:G,,1000 T,1000 T,AN62802!B3:G3,False,False,implicit_forecast,False,,,True,True,
菜籽体系,Rapeseed / Canola,China,Production,direct,AN62802,AN62802,"CHINA,PR : Rapeseed Balance (1000 T)",Country Section,Rapeseed / Canola,China,Crop,1,2,4,,June May 26/27 | June May 25/26 | June May 24/25 | June May 23/24 | June May 22/23 | June May 21/22,B:G,,1000 T,1000 T,AN62802!B4:G4,False,False,implicit_forecast,False,,,True,True,
菜籽体系,Rapeseed / Canola,China,Imports,direct,AN62802,AN62802,"CHINA,PR : Rapeseed Balance (1000 T)",Country Section,Rapeseed / Canola,China,Imports,1,2,5,,June May 26/27 | June May 25/26 | June May 24/25 | June May 23/24 | June May 22/23 | June May 21/22,B:G,,1000 T,1000 T,AN62802!B5:G5,False,False,implicit_forecast,False,,,True,True,
菜籽体系,Rapeseed / Canola,China,Exports,missing,AN62802,AN62802,"CHINA,PR : Rapeseed Balance (1000 T)",Country Section,Rapeseed / Canola,China,,,,,,,,,,,,False,False,,False,,,False,False,原表保留指标行但所有年度单元格为空；不得解释为0。
菜籽体系,Rapeseed / Canola,China,Crush,direct,AN62802,AN62802,"CHINA,PR : Rapeseed Balance (1000 T)",Country Section,Rapeseed / Canola,China,Crushings,1,2,7,,June May 26/27 | June May 25/26 | June May 24/25 | June May 23/24 | June May 22/23 | June May 21/22,B:G,,1000 T,1000 T,AN62802!B7:G7,False,False,implicit_forecast,False,,,True,True,
菜籽体系,Rapeseed / Canola,China,Product Output,not_applicable,,,,,Rapeseed / Canola,China,,,,,,,,,,,,False,False,,False,,,False,False,上游油籽使用 Production 与 Crush；Product Output 不适用。
菜籽体系,Rapeseed / Canola,China,Domestic Consumption,derived,AN62802,AN62802,"CHINA,PR : Rapeseed Balance (1000 T)",Country Section,Rapeseed / Canola,China,Crushings + Other use,1,2,7+8,,June May 26/27 | June May 25/26 | June May 24/25 | June May 23/24 | June May 22/23 | June May 21/22,B:G,,1000 T,1000 T,AN62802!B7:G7 + AN62802!B8:G8,False,False,implicit_forecast,True,Domestic Consumption = Crushings + Other use,AN62802 row 7 + row 8,True,True,只在同一国家平衡表、同一年度和单位下派生。
菜籽体系,Rapeseed / Canola,China,Ending Stocks,direct,AN62802,AN62802,"CHINA,PR : Rapeseed Balance (1000 T)",Country Section,Rapeseed / Canola,China,Ending stocks,1,2,9,,June May 26/27 | June May 25/26 | June May 24/25 | June May 23/24 | June May 22/23 | June May 21/22,B:G,,1000 T,1000 T,AN62802!B9:G9,False,False,implicit_forecast,False,,,True,True,
菜籽体系,Rapeseed / Canola,China,Stocks/Use Ratio,derived,AN62802,AN62802,"CHINA,PR : Rapeseed Balance (1000 T)",Country Section,Rapeseed / Canola,China,Ending stocks / (Crushings + Other use),1,2,7+8+9,,June May 26/27 | June May 25/26 | June May 24/25 | June May 23/24 | June May 22/23 | June May 21/22,B:G,,%,%,AN62802!B9:G9 / (AN62802!B7:G7 + AN62802!B8:G8),False,False,implicit_forecast,True,Stocks/Use Ratio = Ending Stocks / Domestic Consumption × 100,"AN62802 rows 7, 8, 9",True,True,分母口径由同商品世界表直接公布的Stocks/usage关系验证；变化单位为百分点。
菜籽体系,Rapeseed / Canola,China,Area Harvested,direct,AN14993,AN14993,"RAPESEED / CANOLA : World Production (1000T), Yields (T/ha) and Harvested Area (1000ha)",Commodity Section,Rapeseed / Canola,China,HARVEST'D AREA,1,3,34,,26/27 | 25/26 | 24/25,K:M,five-year average columns F/J/N,1000 ha,1000 ha,AN14993!K34:M34,False,False,implicit_forecast,False,,,True,True,
菜籽体系,Rapeseed / Canola,China,Yield,direct,AN14993,AN14993,"RAPESEED / CANOLA : World Production (1000T), Yields (T/ha) and Harvested Area (1000ha)",Commodity Section,Rapeseed / Canola,China,Y I E L D,1,3,34,,26/27 | 25/26 | 24/25,G:I,five-year average columns F/J/N,T/ha,T/ha,AN14993!G34:I34,False,False,implicit_forecast,False,,,True,True,
菜籽体系,Rapeseed / Canola,Russia,Beginning Stocks,direct,AN17503,AN17503,RUSSIA : Rapeseed Balance (1000 T),Country Section,Rapeseed / Canola,Russia,Open'g stocks,1,2,3,,July June 25/26 | July June 24/25 | July June 23/24 | July June 22/23 | July June 21/22 | July June 20/21,B:G,,1000 T,1000 T,AN17503!B3:G3,False,False,historical,False,,,True,True,
菜籽体系,Rapeseed / Canola,Russia,Production,direct,AN17503,AN17503,RUSSIA : Rapeseed Balance (1000 T),Country Section,Rapeseed / Canola,Russia,Crop,1,2,4,,July June 25/26 | July June 24/25 | July June 23/24 | July June 22/23 | July June 21/22 | July June 20/21,B:G,,1000 T,1000 T,AN17503!B4:G4,False,False,historical,False,,,True,True,
菜籽体系,Rapeseed / Canola,Russia,Imports,direct,AN17503,AN17503,RUSSIA : Rapeseed Balance (1000 T),Country Section,Rapeseed / Canola,Russia,Imports,1,2,5,,July June 25/26 | July June 24/25 | July June 23/24 | July June 22/23 | July June 21/22 | July June 20/21,B:G,,1000 T,1000 T,AN17503!B5:G5,False,False,historical,False,,,True,True,
菜籽体系,Rapeseed / Canola,Russia,Exports,direct,AN17503,AN17503,RUSSIA : Rapeseed Balance (1000 T),Country Section,Rapeseed / Canola,Russia,Exports,1,2,6,,July June 25/26 | July June 24/25 | July June 23/24 | July June 22/23 | July June 21/22 | July June 20/21,B:G,,1000 T,1000 T,AN17503!B6:G6,False,False,historical,False,,,True,True,
菜籽体系,Rapeseed / Canola,Russia,Crush,direct,AN17503,AN17503,RUSSIA : Rapeseed Balance (1000 T),Country Section,Rapeseed / Canola,Russia,Crushings,1,2,7,,July June 25/26 | July June 24/25 | July June 23/24 | July June 22/23 | July June 21/22 | July June 20/21,B:G,,1000 T,1000 T,AN17503!B7:G7,False,False,historical,False,,,True,True,
菜籽体系,Rapeseed / Canola,Russia,Product Output,not_applicable,,,,,Rapeseed / Canola,Russia,,,,,,,,,,,,False,False,,False,,,False,False,上游油籽使用 Production 与 Crush；Product Output 不适用。
菜籽体系,Rapeseed / Canola,Russia,Domestic Consumption,derived,AN17503,AN17503,RUSSIA : Rapeseed Balance (1000 T),Country Section,Rapeseed / Canola,Russia,Crushings + Other use,1,2,7+8,,July June 25/26 | July June 24/25 | July June 23/24 | July June 22/23 | July June 21/22 | July June 20/21,B:G,,1000 T,1000 T,AN17503!B7:G7 + AN17503!B8:G8,False,False,historical,True,Domestic Consumption = Crushings + Other use,AN17503 row 7 + row 8,True,True,只在同一国家平衡表、同一年度和单位下派生。
菜籽体系,Rapeseed / Canola,Russia,Ending Stocks,direct,AN17503,AN17503,RUSSIA : Rapeseed Balance (1000 T),Country Section,Rapeseed / Canola,Russia,Ending stocks,1,2,9,,July June 25/26 | July June 24/25 | July June 23/24 | July June 22/23 | July June 21/22 | July June 20/21,B:G,,1000 T,1000 T,AN17503!B9:G9,False,False,historical,False,,,True,True,
菜籽体系,Rapeseed / Canola,Russia,Stocks/Use Ratio,derived,AN17503,AN17503,RUSSIA : Rapeseed Balance (1000 T),Country Section,Rapeseed / Canola,Russia,Ending stocks / (Crushings + Other use),1,2,7+8+9,,July June 25/26 | July June 24/25 | July June 23/24 | July June 22/23 | July June 21/22 | July June 20/21,B:G,,%,%,AN17503!B9:G9 / (AN17503!B7:G7 + AN17503!B8:G8),False,False,historical,True,Stocks/Use Ratio = Ending Stocks / Domestic Consumption × 100,"AN17503 rows 7, 8, 9",True,True,分母口径由同商品世界表直接公布的Stocks/usage关系验证；变化单位为百分点。
菜籽体系,Rapeseed / Canola,Russia,Area Harvested,direct,AN14993,AN14993,"RAPESEED / CANOLA : World Production (1000T), Yields (T/ha) and Harvested Area (1000ha)",Commodity Section,Rapeseed / Canola,Russia,HARVEST'D AREA,1,3,29,,26/27 | 25/26 | 24/25,K:M,five-year average columns F/J/N,1000 ha,1000 ha,AN14993!K29:M29,False,False,implicit_forecast,False,,,True,True,
菜籽体系,Rapeseed / Canola,Russia,Yield,direct,AN14993,AN14993,"RAPESEED / CANOLA : World Production (1000T), Yields (T/ha) and Harvested Area (1000ha)",Commodity Section,Rapeseed / Canola,Russia,Y I E L D,1,3,29,,26/27 | 25/26 | 24/25,G:I,five-year average columns F/J/N,T/ha,T/ha,AN14993!G29:I29,False,False,implicit_forecast,False,,,True,True,
菜籽体系,Rapeseed / Canola,Ukraine,Beginning Stocks,direct,AN18103,AN18103,UKRAINE : Rapeseed Balance (1000 T),Country Section,Rapeseed / Canola,Ukraine,Open'g stocks,1,2,3,,July June 26/27F | July June 25/26 | July June 24/25 | July June 23/24 | July June 22/23 | July June 21/22,B:G,,1000 T,1000 T,AN18103!B3:G3,False,False,explicit_forecast,False,,,True,True,
菜籽体系,Rapeseed / Canola,Ukraine,Production,direct,AN18103,AN18103,UKRAINE : Rapeseed Balance (1000 T),Country Section,Rapeseed / Canola,Ukraine,Crop,1,2,4,,July June 26/27F | July June 25/26 | July June 24/25 | July June 23/24 | July June 22/23 | July June 21/22,B:G,,1000 T,1000 T,AN18103!B4:G4,False,False,explicit_forecast,False,,,True,True,
菜籽体系,Rapeseed / Canola,Ukraine,Imports,direct,AN18103,AN18103,UKRAINE : Rapeseed Balance (1000 T),Country Section,Rapeseed / Canola,Ukraine,Imports,1,2,5,,July June 26/27F | July June 25/26 | July June 24/25 | July June 23/24 | July June 22/23 | July June 21/22,B:G,,1000 T,1000 T,AN18103!B5:G5,False,False,explicit_forecast,False,,,True,True,
菜籽体系,Rapeseed / Canola,Ukraine,Exports,direct,AN18103,AN18103,UKRAINE : Rapeseed Balance (1000 T),Country Section,Rapeseed / Canola,Ukraine,Exports,1,2,6,,July June 26/27F | July June 25/26 | July June 24/25 | July June 23/24 | July June 22/23 | July June 21/22,B:G,,1000 T,1000 T,AN18103!B6:G6,False,False,explicit_forecast,False,,,True,True,
菜籽体系,Rapeseed / Canola,Ukraine,Crush,direct,AN18103,AN18103,UKRAINE : Rapeseed Balance (1000 T),Country Section,Rapeseed / Canola,Ukraine,Crushings,1,2,7,,July June 26/27F | July June 25/26 | July June 24/25 | July June 23/24 | July June 22/23 | July June 21/22,B:G,,1000 T,1000 T,AN18103!B7:G7,False,False,explicit_forecast,False,,,True,True,
菜籽体系,Rapeseed / Canola,Ukraine,Product Output,not_applicable,,,,,Rapeseed / Canola,Ukraine,,,,,,,,,,,,False,False,,False,,,False,False,上游油籽使用 Production 与 Crush；Product Output 不适用。
菜籽体系,Rapeseed / Canola,Ukraine,Domestic Consumption,derived,AN18103,AN18103,UKRAINE : Rapeseed Balance (1000 T),Country Section,Rapeseed / Canola,Ukraine,Crushings + Other use,1,2,7+8,,July June 26/27F | July June 25/26 | July June 24/25 | July June 23/24 | July June 22/23 | July June 21/22,B:G,,1000 T,1000 T,AN18103!B7:G7 + AN18103!B8:G8,False,False,explicit_forecast,True,Domestic Consumption = Crushings + Other use,AN18103 row 7 + row 8,True,True,只在同一国家平衡表、同一年度和单位下派生。
菜籽体系,Rapeseed / Canola,Ukraine,Ending Stocks,direct,AN18103,AN18103,UKRAINE : Rapeseed Balance (1000 T),Country Section,Rapeseed / Canola,Ukraine,Ending stocks,1,2,9,,July June 26/27F | July June 25/26 | July June 24/25 | July June 23/24 | July June 22/23 | July June 21/22,B:G,,1000 T,1000 T,AN18103!B9:G9,False,False,explicit_forecast,False,,,True,True,
菜籽体系,Rapeseed / Canola,Ukraine,Stocks/Use Ratio,derived,AN18103,AN18103,UKRAINE : Rapeseed Balance (1000 T),Country Section,Rapeseed / Canola,Ukraine,Ending stocks / (Crushings + Other use),1,2,7+8+9,,July June 26/27F | July June 25/26 | July June 24/25 | July June 23/24 | July June 22/23 | July June 21/22,B:G,,%,%,AN18103!B9:G9 / (AN18103!B7:G7 + AN18103!B8:G8),False,False,explicit_forecast,True,Stocks/Use Ratio = Ending Stocks / Domestic Consumption × 100,"AN18103 rows 7, 8, 9",True,True,分母口径由同商品世界表直接公布的Stocks/usage关系验证；变化单位为百分点。
菜籽体系,Rapeseed / Canola,Ukraine,Area Harvested,direct,AN14993,AN14993,"RAPESEED / CANOLA : World Production (1000T), Yields (T/ha) and Harvested Area (1000ha)",Commodity Section,Rapeseed / Canola,Ukraine,HARVEST'D AREA,1,3,30,,26/27 | 25/26 | 24/25,K:M,five-year average columns F/J/N,1000 ha,1000 ha,AN14993!K30:M30,False,False,implicit_forecast,False,,,True,True,
菜籽体系,Rapeseed / Canola,Ukraine,Yield,direct,AN14993,AN14993,"RAPESEED / CANOLA : World Production (1000T), Yields (T/ha) and Harvested Area (1000ha)",Commodity Section,Rapeseed / Canola,Ukraine,Y I E L D,1,3,30,,26/27 | 25/26 | 24/25,G:I,five-year average columns F/J/N,T/ha,T/ha,AN14993!G30:I30,False,False,implicit_forecast,False,,,True,True,
葵花体系,Sunflowerseed,Global,Beginning Stocks,direct,AN147900,AN147900,SUNSEED : World Supply & Demand ( Mn T ),Commodity Section,Sunflowerseed,Global,Open’g stocks,1,3,4,,26/27F | 25/26 | 24/25 | 23/24 | 22/23,C:G,,Mn T,1000 T,AN147900!C4:G4,False,False,explicit_forecast,False,,,True,True,
葵花体系,Sunflowerseed,Global,Production,direct,AN147900,AN147900,SUNSEED : World Supply & Demand ( Mn T ),Commodity Section,Sunflowerseed,Global,Production,1,3,6,,26/27F | 25/26 | 24/25 | 23/24 | 22/23,C:G,,Mn T,1000 T,AN147900!C6:G6,False,False,explicit_forecast,False,,,True,True,
葵花体系,Sunflowerseed,Global,Imports,direct,AN14792,AN14792,"SUNFLOWERSEED : World Crushings, Exports and Imports (1000 T)",Commodity Section,Sunflowerseed,Global,Total Imports,1,37,52,Imports: rows 37–52,Oct Sept 25/26F | Oct Sept 24/25 | Oct Sept 23/24 | Oct Sept 22/23 | Oct Sept 21/22,B:F,"G:M (Apr–Sept, Oct–Mar, Jan–Dec)",1000 T,1000 T,AN14792!B52:F52,False,False,explicit_forecast,False,,,True,True,
葵花体系,Sunflowerseed,Global,Exports,direct,AN14792,AN14792,"SUNFLOWERSEED : World Crushings, Exports and Imports (1000 T)",Commodity Section,Sunflowerseed,Global,Total Exports,1,21,33,Exports: rows 21–36,Oct Sept 25/26F | Oct Sept 24/25 | Oct Sept 23/24 | Oct Sept 22/23 | Oct Sept 21/22,B:F,"G:M (Apr–Sept, Oct–Mar, Jan–Dec)",1000 T,1000 T,AN14792!B33:F33,False,False,explicit_forecast,False,,,True,True,
葵花体系,Sunflowerseed,Global,Crush,direct,AN147900,AN147900,SUNSEED : World Supply & Demand ( Mn T ),Commodity Section,Sunflowerseed,Global,Crush (Sept/Aug),1,3,17,,26/27F | 25/26 | 24/25 | 23/24 | 22/23,C:G,,Mn T,1000 T,AN147900!C17:G17,False,False,explicit_forecast,False,,,True,True,
葵花体系,Sunflowerseed,Global,Product Output,not_applicable,,,,,Sunflowerseed,Global,,,,,,,,,,,,False,False,,False,,,False,False,上游油籽使用 Production 与 Crush；Product Output 不适用。
葵花体系,Sunflowerseed,Global,Domestic Consumption,derived,AN147900,AN147900,SUNSEED : World Supply & Demand ( Mn T ),Commodity Section,Sunflowerseed,Global,Crush + Other use,1,3,17+19,,26/27F | 25/26 | 24/25 | 23/24 | 22/23,C:G,,Mn T,1000 T,AN147900!C17:G17 + AN147900!C19:G19,False,False,explicit_forecast,True,Domestic Consumption = Crush + Other use,AN147900: Crush row 17; Other use row 19,True,True,Oil World世界平衡式确认该两项合计为总国内使用；保留原始指标名。
葵花体系,Sunflowerseed,Global,Ending Stocks,direct,AN147900,AN147900,SUNSEED : World Supply & Demand ( Mn T ),Commodity Section,Sunflowerseed,Global,End’g stocks,1,3,21,,26/27F | 25/26 | 24/25 | 23/24 | 22/23,C:G,,Mn T,1000 T,AN147900!C21:G21,False,False,explicit_forecast,False,,,True,True,
葵花体系,Sunflowerseed,Global,Stocks/Use Ratio,direct,AN147900,AN147900,SUNSEED : World Supply & Demand ( Mn T ),Commodity Section,Sunflowerseed,Global,Stocks/usage,1,3,28,,26/27F | 25/26 | 24/25 | 23/24 | 22/23,C:G,,%,%,AN147900!C28:G28,False,False,explicit_forecast,False,,,False,True,
葵花体系,Sunflowerseed,Global,Area Harvested,direct,AN14793,AN14793,"SUNFLOWERSEED : World Production (1000T), Yields (T/ha) and Harvested Area (1000ha)",Commodity Section,Sunflowerseed,Global,HARVEST'D AREA,1,3,30,,26/27 | 25/26 | 24/25,K:M,"F/J/N (five-year average, not an annual period)",1000 ha,1000 ha,AN14793!K30:M30,False,False,implicit_forecast,False,,,True,True,
葵花体系,Sunflowerseed,Global,Yield,direct,AN14793,AN14793,"SUNFLOWERSEED : World Production (1000T), Yields (T/ha) and Harvested Area (1000ha)",Commodity Section,Sunflowerseed,Global,Y I E L D,1,3,30,,26/27 | 25/26 | 24/25,G:I,"F/J/N (five-year average, not an annual period)",T/ha,T/ha,AN14793!G30:I30,False,False,implicit_forecast,False,,,True,True,
葵花体系,Sunflowerseed,Russia,Beginning Stocks,direct,AN17501,AN17501,RUSSIA : Sunflowerseed Balance (1000 T),Country Section,Sunflowerseed,Russia,Open'g stocks,1,2,3,,Sept Aug 26/27F | Sept Aug 25/26 | Sept Aug 24/25 | Sept Aug 23/24 | Sept Aug 22/23 | Sept Aug 21/22,B:G,,1000 T,1000 T,AN17501!B3:G3,False,False,explicit_forecast,False,,,True,True,
葵花体系,Sunflowerseed,Russia,Production,direct,AN17501,AN17501,RUSSIA : Sunflowerseed Balance (1000 T),Country Section,Sunflowerseed,Russia,Crop,1,2,4,,Sept Aug 26/27F | Sept Aug 25/26 | Sept Aug 24/25 | Sept Aug 23/24 | Sept Aug 22/23 | Sept Aug 21/22,B:G,,1000 T,1000 T,AN17501!B4:G4,False,False,explicit_forecast,False,,,True,True,
葵花体系,Sunflowerseed,Russia,Imports,direct,AN17501,AN17501,RUSSIA : Sunflowerseed Balance (1000 T),Country Section,Sunflowerseed,Russia,Imports,1,2,5,,Sept Aug 26/27F | Sept Aug 25/26 | Sept Aug 24/25 | Sept Aug 23/24 | Sept Aug 22/23 | Sept Aug 21/22,B:G,,1000 T,1000 T,AN17501!B5:G5,False,False,explicit_forecast,False,,,True,True,
葵花体系,Sunflowerseed,Russia,Exports,direct,AN17501,AN17501,RUSSIA : Sunflowerseed Balance (1000 T),Country Section,Sunflowerseed,Russia,Exports,1,2,6,,Sept Aug 26/27F | Sept Aug 25/26 | Sept Aug 24/25 | Sept Aug 23/24 | Sept Aug 22/23 | Sept Aug 21/22,B:G,,1000 T,1000 T,AN17501!B6:G6,False,False,explicit_forecast,False,,,True,True,
葵花体系,Sunflowerseed,Russia,Crush,direct,AN17501,AN17501,RUSSIA : Sunflowerseed Balance (1000 T),Country Section,Sunflowerseed,Russia,Crushings,1,2,7,,Sept Aug 26/27F | Sept Aug 25/26 | Sept Aug 24/25 | Sept Aug 23/24 | Sept Aug 22/23 | Sept Aug 21/22,B:G,,1000 T,1000 T,AN17501!B7:G7,False,False,explicit_forecast,False,,,True,True,
葵花体系,Sunflowerseed,Russia,Product Output,not_applicable,,,,,Sunflowerseed,Russia,,,,,,,,,,,,False,False,,False,,,False,False,上游油籽使用 Production 与 Crush；Product Output 不适用。
葵花体系,Sunflowerseed,Russia,Domestic Consumption,derived,AN17501,AN17501,RUSSIA : Sunflowerseed Balance (1000 T),Country Section,Sunflowerseed,Russia,Crushings + Other use,1,2,7+8,,Sept Aug 26/27F | Sept Aug 25/26 | Sept Aug 24/25 | Sept Aug 23/24 | Sept Aug 22/23 | Sept Aug 21/22,B:G,,1000 T,1000 T,AN17501!B7:G7 + AN17501!B8:G8,False,False,explicit_forecast,True,Domestic Consumption = Crushings + Other use,AN17501 row 7 + row 8,True,True,只在同一国家平衡表、同一年度和单位下派生。
葵花体系,Sunflowerseed,Russia,Ending Stocks,direct,AN17501,AN17501,RUSSIA : Sunflowerseed Balance (1000 T),Country Section,Sunflowerseed,Russia,Ending stocks,1,2,9,,Sept Aug 26/27F | Sept Aug 25/26 | Sept Aug 24/25 | Sept Aug 23/24 | Sept Aug 22/23 | Sept Aug 21/22,B:G,,1000 T,1000 T,AN17501!B9:G9,False,False,explicit_forecast,False,,,True,True,
葵花体系,Sunflowerseed,Russia,Stocks/Use Ratio,derived,AN17501,AN17501,RUSSIA : Sunflowerseed Balance (1000 T),Country Section,Sunflowerseed,Russia,Ending stocks / (Crushings + Other use),1,2,7+8+9,,Sept Aug 26/27F | Sept Aug 25/26 | Sept Aug 24/25 | Sept Aug 23/24 | Sept Aug 22/23 | Sept Aug 21/22,B:G,,%,%,AN17501!B9:G9 / (AN17501!B7:G7 + AN17501!B8:G8),False,False,explicit_forecast,True,Stocks/Use Ratio = Ending Stocks / Domestic Consumption × 100,"AN17501 rows 7, 8, 9",True,True,分母口径由同商品世界表直接公布的Stocks/usage关系验证；变化单位为百分点。
葵花体系,Sunflowerseed,Russia,Area Harvested,direct,AN14793,AN14793,"SUNFLOWERSEED : World Production (1000T), Yields (T/ha) and Harvested Area (1000ha)",Commodity Section,Sunflowerseed,Russia,HARVEST'D AREA,1,3,21,,26/27 | 25/26 | 24/25,K:M,five-year average columns F/J/N,1000 ha,1000 ha,AN14793!K21:M21,False,False,implicit_forecast,False,,,True,True,
葵花体系,Sunflowerseed,Russia,Yield,direct,AN14793,AN14793,"SUNFLOWERSEED : World Production (1000T), Yields (T/ha) and Harvested Area (1000ha)",Commodity Section,Sunflowerseed,Russia,Y I E L D,1,3,21,,26/27 | 25/26 | 24/25,G:I,five-year average columns F/J/N,T/ha,T/ha,AN14793!G21:I21,False,False,implicit_forecast,False,,,True,True,
葵花体系,Sunflowerseed,Ukraine,Beginning Stocks,direct,AN18101,AN18101,UKRAINE : Sunflowerseed Balance (1000 T),Country Section,Sunflowerseed,Ukraine,Open'g stocks,1,2,3,,Sept Aug 26/27F | Sept Aug 25/26 | Sept Aug 24/25 | Sept Aug 23/24 | Sept Aug 22/23 | Sept Aug 21/22,B:G,,1000 T,1000 T,AN18101!B3:G3,False,False,explicit_forecast,False,,,True,True,
葵花体系,Sunflowerseed,Ukraine,Production,direct,AN18101,AN18101,UKRAINE : Sunflowerseed Balance (1000 T),Country Section,Sunflowerseed,Ukraine,Crop,1,2,4,,Sept Aug 26/27F | Sept Aug 25/26 | Sept Aug 24/25 | Sept Aug 23/24 | Sept Aug 22/23 | Sept Aug 21/22,B:G,,1000 T,1000 T,AN18101!B4:G4,False,False,explicit_forecast,False,,,True,True,
葵花体系,Sunflowerseed,Ukraine,Imports,direct,AN18101,AN18101,UKRAINE : Sunflowerseed Balance (1000 T),Country Section,Sunflowerseed,Ukraine,Imports,1,2,5,,Sept Aug 26/27F | Sept Aug 25/26 | Sept Aug 24/25 | Sept Aug 23/24 | Sept Aug 22/23 | Sept Aug 21/22,B:G,,1000 T,1000 T,AN18101!B5:G5,False,False,explicit_forecast,False,,,True,True,
葵花体系,Sunflowerseed,Ukraine,Exports,direct,AN18101,AN18101,UKRAINE : Sunflowerseed Balance (1000 T),Country Section,Sunflowerseed,Ukraine,Exports,1,2,6,,Sept Aug 26/27F | Sept Aug 25/26 | Sept Aug 24/25 | Sept Aug 23/24 | Sept Aug 22/23 | Sept Aug 21/22,B:G,,1000 T,1000 T,AN18101!B6:G6,False,False,explicit_forecast,False,,,True,True,
葵花体系,Sunflowerseed,Ukraine,Crush,direct,AN18101,AN18101,UKRAINE : Sunflowerseed Balance (1000 T),Country Section,Sunflowerseed,Ukraine,Crushings,1,2,7,,Sept Aug 26/27F | Sept Aug 25/26 | Sept Aug 24/25 | Sept Aug 23/24 | Sept Aug 22/23 | Sept Aug 21/22,B:G,,1000 T,1000 T,AN18101!B7:G7,False,False,explicit_forecast,False,,,True,True,
葵花体系,Sunflowerseed,Ukraine,Product Output,not_applicable,,,,,Sunflowerseed,Ukraine,,,,,,,,,,,,False,False,,False,,,False,False,上游油籽使用 Production 与 Crush；Product Output 不适用。
葵花体系,Sunflowerseed,Ukraine,Domestic Consumption,derived,AN18101,AN18101,UKRAINE : Sunflowerseed Balance (1000 T),Country Section,Sunflowerseed,Ukraine,Crushings + Other use,1,2,7+8,,Sept Aug 26/27F | Sept Aug 25/26 | Sept Aug 24/25 | Sept Aug 23/24 | Sept Aug 22/23 | Sept Aug 21/22,B:G,,1000 T,1000 T,AN18101!B7:G7 + AN18101!B8:G8,False,False,explicit_forecast,True,Domestic Consumption = Crushings + Other use,AN18101 row 7 + row 8,True,True,只在同一国家平衡表、同一年度和单位下派生。
葵花体系,Sunflowerseed,Ukraine,Ending Stocks,direct,AN18101,AN18101,UKRAINE : Sunflowerseed Balance (1000 T),Country Section,Sunflowerseed,Ukraine,Ending stocks,1,2,9,,Sept Aug 26/27F | Sept Aug 25/26 | Sept Aug 24/25 | Sept Aug 23/24 | Sept Aug 22/23 | Sept Aug 21/22,B:G,,1000 T,1000 T,AN18101!B9:G9,False,False,explicit_forecast,False,,,True,True,
葵花体系,Sunflowerseed,Ukraine,Stocks/Use Ratio,derived,AN18101,AN18101,UKRAINE : Sunflowerseed Balance (1000 T),Country Section,Sunflowerseed,Ukraine,Ending stocks / (Crushings + Other use),1,2,7+8+9,,Sept Aug 26/27F | Sept Aug 25/26 | Sept Aug 24/25 | Sept Aug 23/24 | Sept Aug 22/23 | Sept Aug 21/22,B:G,,%,%,AN18101!B9:G9 / (AN18101!B7:G7 + AN18101!B8:G8),False,False,explicit_forecast,True,Stocks/Use Ratio = Ending Stocks / Domestic Consumption × 100,"AN18101 rows 7, 8, 9",True,True,分母口径由同商品世界表直接公布的Stocks/usage关系验证；变化单位为百分点。
葵花体系,Sunflowerseed,Ukraine,Area Harvested,direct,AN14793,AN14793,"SUNFLOWERSEED : World Production (1000T), Yields (T/ha) and Harvested Area (1000ha)",Commodity Section,Sunflowerseed,Ukraine,HARVEST'D AREA,1,3,22,,26/27 | 25/26 | 24/25,K:M,five-year average columns F/J/N,1000 ha,1000 ha,AN14793!K22:M22,False,False,implicit_forecast,False,,,True,True,
葵花体系,Sunflowerseed,Ukraine,Yield,direct,AN14793,AN14793,"SUNFLOWERSEED : World Production (1000T), Yields (T/ha) and Harvested Area (1000ha)",Commodity Section,Sunflowerseed,Ukraine,Y I E L D,1,3,22,,26/27 | 25/26 | 24/25,G:I,five-year average columns F/J/N,T/ha,T/ha,AN14793!G22:I22,False,False,implicit_forecast,False,,,True,True,
葵花体系,Sunflowerseed,European Union,Beginning Stocks,direct,AN049106,AN049106,EU - 27 : Summary of Sunseed Supply & Demand (1000 T),Country Section,Sunflowerseed,European Union,Open'g stocks,1,2,3,,Aug July 25/26F | Aug July 24/25 | Aug July 23/24 | Aug July 22/23 | Aug July 21/22,B:F,,1000 T,1000 T,AN049106!B3:F3,False,False,explicit_forecast,False,,,True,True,
葵花体系,Sunflowerseed,European Union,Production,direct,AN049106,AN049106,EU - 27 : Summary of Sunseed Supply & Demand (1000 T),Country Section,Sunflowerseed,European Union,Crop,1,2,4,,Aug July 25/26F | Aug July 24/25 | Aug July 23/24 | Aug July 22/23 | Aug July 21/22,B:F,,1000 T,1000 T,AN049106!B4:F4,False,False,explicit_forecast,False,,,True,True,
葵花体系,Sunflowerseed,European Union,Imports,direct,AN049106,AN049106,EU - 27 : Summary of Sunseed Supply & Demand (1000 T),Country Section,Sunflowerseed,European Union,Imports,1,2,5,,Aug July 25/26F | Aug July 24/25 | Aug July 23/24 | Aug July 22/23 | Aug July 21/22,B:F,,1000 T,1000 T,AN049106!B5:F5,False,False,explicit_forecast,False,,,True,True,
葵花体系,Sunflowerseed,European Union,Exports,direct,AN049106,AN049106,EU - 27 : Summary of Sunseed Supply & Demand (1000 T),Country Section,Sunflowerseed,European Union,Exports,1,2,6,,Aug July 25/26F | Aug July 24/25 | Aug July 23/24 | Aug July 22/23 | Aug July 21/22,B:F,,1000 T,1000 T,AN049106!B6:F6,False,False,explicit_forecast,False,,,True,True,
葵花体系,Sunflowerseed,European Union,Crush,direct,AN049106,AN049106,EU - 27 : Summary of Sunseed Supply & Demand (1000 T),Country Section,Sunflowerseed,European Union,Crushings,1,2,7,,Aug July 25/26F | Aug July 24/25 | Aug July 23/24 | Aug July 22/23 | Aug July 21/22,B:F,,1000 T,1000 T,AN049106!B7:F7,False,False,explicit_forecast,False,,,True,True,
葵花体系,Sunflowerseed,European Union,Product Output,not_applicable,,,,,Sunflowerseed,European Union,,,,,,,,,,,,False,False,,False,,,False,False,上游油籽使用 Production 与 Crush；Product Output 不适用。
葵花体系,Sunflowerseed,European Union,Domestic Consumption,derived,AN049106,AN049106,EU - 27 : Summary of Sunseed Supply & Demand (1000 T),Country Section,Sunflowerseed,European Union,Crushings + Other use,1,2,7+8,,Aug July 25/26F | Aug July 24/25 | Aug July 23/24 | Aug July 22/23 | Aug July 21/22,B:F,,1000 T,1000 T,AN049106!B7:F7 + AN049106!B8:F8,False,False,explicit_forecast,True,Domestic Consumption = Crushings + Other use,AN049106 row 7 + row 8,True,True,只在同一国家平衡表、同一年度和单位下派生。
葵花体系,Sunflowerseed,European Union,Ending Stocks,direct,AN049106,AN049106,EU - 27 : Summary of Sunseed Supply & Demand (1000 T),Country Section,Sunflowerseed,European Union,Ending stocks,1,2,9,,Aug July 25/26F | Aug July 24/25 | Aug July 23/24 | Aug July 22/23 | Aug July 21/22,B:F,,1000 T,1000 T,AN049106!B9:F9,False,False,explicit_forecast,False,,,True,True,
葵花体系,Sunflowerseed,European Union,Stocks/Use Ratio,derived,AN049106,AN049106,EU - 27 : Summary of Sunseed Supply & Demand (1000 T),Country Section,Sunflowerseed,European Union,Ending stocks / (Crushings + Other use),1,2,7+8+9,,Aug July 25/26F | Aug July 24/25 | Aug July 23/24 | Aug July 22/23 | Aug July 21/22,B:F,,%,%,AN049106!B9:F9 / (AN049106!B7:F7 + AN049106!B8:F8),False,False,explicit_forecast,True,Stocks/Use Ratio = Ending Stocks / Domestic Consumption × 100,"AN049106 rows 7, 8, 9",True,True,分母口径由同商品世界表直接公布的Stocks/usage关系验证；变化单位为百分点。
葵花体系,Sunflowerseed,European Union,Area Harvested,derived,AN14793,AN14793,"SUNFLOWERSEED : World Production (1000T), Yields (T/ha) and Harvested Area (1000ha)",Commodity Section,Sunflowerseed,European Union,Area Harvested,1,3,4:18,,26/27 | 25/26 | 24/25,C:E / G:I / K:M as applicable,five-year average columns F/J/N,1000 ha,1000 ha,sum(AN14793!K4:M18),False,False,implicit_forecast,True,EU Area Harvested = sum of listed EU member rows,listed EU member rows AN14793!4:18,True,True,成员行合计与EU国家平衡表Production存在0–1千吨四舍五入差；季度更新需检查成员覆盖变化。
葵花体系,Sunflowerseed,European Union,Yield,derived,AN14793,AN14793,"SUNFLOWERSEED : World Production (1000T), Yields (T/ha) and Harvested Area (1000ha)",Commodity Section,Sunflowerseed,European Union,Yield,1,3,4:18,,26/27 | 25/26 | 24/25,C:E / G:I / K:M as applicable,five-year average columns F/J/N,T/ha,T/ha,sum(AN14793!C4:E18) / sum(AN14793!K4:M18),False,False,implicit_forecast,True,EU Yield = EU member Production sum / EU member Area sum,listed EU member rows AN14793!4:18,True,True,成员行合计与EU国家平衡表Production存在0–1千吨四舍五入差；季度更新需检查成员覆盖变化。
葵花体系,Sunflowerseed,Argentina,Beginning Stocks,conflict,AN50002,AN50002,ARGENTINA : Sunflowerseed Balance (1000 T),Country Section,Sunflowerseed,Argentina,,,,,,,,,,,,False,False,,False,,,False,False,主国家表采用Jan–Dec自然年，按本次规则不得混入完整市场年度矩阵。
葵花体系,Sunflowerseed,Argentina,Production,conflict,AN50002,AN50002,ARGENTINA : Sunflowerseed Balance (1000 T),Country Section,Sunflowerseed,Argentina,,,,,,,,,,,,False,False,,False,,,False,False,主国家表采用Jan–Dec自然年，按本次规则不得混入完整市场年度矩阵。
葵花体系,Sunflowerseed,Argentina,Imports,conflict,AN50002,AN50002,ARGENTINA : Sunflowerseed Balance (1000 T),Country Section,Sunflowerseed,Argentina,,,,,,,,,,,,False,False,,False,,,False,False,主国家表采用Jan–Dec自然年，按本次规则不得混入完整市场年度矩阵。
葵花体系,Sunflowerseed,Argentina,Exports,conflict,AN50002,AN50002,ARGENTINA : Sunflowerseed Balance (1000 T),Country Section,Sunflowerseed,Argentina,,,,,,,,,,,,False,False,,False,,,False,False,主国家表采用Jan–Dec自然年，按本次规则不得混入完整市场年度矩阵。
葵花体系,Sunflowerseed,Argentina,Crush,conflict,AN50002,AN50002,ARGENTINA : Sunflowerseed Balance (1000 T),Country Section,Sunflowerseed,Argentina,,,,,,,,,,,,False,False,,False,,,False,False,主国家表采用Jan–Dec自然年，按本次规则不得混入完整市场年度矩阵。
葵花体系,Sunflowerseed,Argentina,Product Output,not_applicable,,,,,Sunflowerseed,Argentina,,,,,,,,,,,,False,False,,False,,,False,False,上游油籽使用 Production 与 Crush；Product Output 不适用。
葵花体系,Sunflowerseed,Argentina,Domestic Consumption,conflict,AN50002,AN50002,ARGENTINA : Sunflowerseed Balance (1000 T),Country Section,Sunflowerseed,Argentina,,,,,,,,,,,,False,False,,False,,,False,False,主国家表采用Jan–Dec自然年，按本次规则不得混入完整市场年度矩阵。
葵花体系,Sunflowerseed,Argentina,Ending Stocks,conflict,AN50002,AN50002,ARGENTINA : Sunflowerseed Balance (1000 T),Country Section,Sunflowerseed,Argentina,,,,,,,,,,,,False,False,,False,,,False,False,主国家表采用Jan–Dec自然年，按本次规则不得混入完整市场年度矩阵。
葵花体系,Sunflowerseed,Argentina,Stocks/Use Ratio,conflict,AN50002,AN50002,ARGENTINA : Sunflowerseed Balance (1000 T),Country Section,Sunflowerseed,Argentina,,,,,,,,,,,,False,False,,False,,,False,False,主国家表采用Jan–Dec自然年，按本次规则不得混入完整市场年度矩阵。
葵花体系,Sunflowerseed,Argentina,Area Harvested,direct,AN14793,AN14793,"SUNFLOWERSEED : World Production (1000T), Yields (T/ha) and Harvested Area (1000ha)",Commodity Section,Sunflowerseed,Argentina,HARVEST'D AREA,1,3,25,,26/27 | 25/26 | 24/25,K:M,five-year average columns F/J/N,1000 ha,1000 ha,AN14793!K25:M25,False,False,implicit_forecast,False,,,True,True,
葵花体系,Sunflowerseed,Argentina,Yield,direct,AN14793,AN14793,"SUNFLOWERSEED : World Production (1000T), Yields (T/ha) and Harvested Area (1000ha)",Commodity Section,Sunflowerseed,Argentina,Y I E L D,1,3,25,,26/27 | 25/26 | 24/25,G:I,five-year average columns F/J/N,T/ha,T/ha,AN14793!G25:I25,False,False,implicit_forecast,False,,,True,True,
大豆体系,Soybean Oil,Global,Beginning Stocks,direct,AN23992,AN23992,SOYBEAN OIL : World Supply and Demand Balance (1000 T),Commodity Section,Soybean Oil,Global,Open'g stocks,1,2,3,,Oct Sept 25/26F | Oct Sept 24/25 | Oct Sept 23/24 | Oct Sept 22/23 | Oct Sept 21/22,B:F,"G:M (Apr–Sept, Oct–Mar, Jan–Dec)",1000 T,1000 T,AN23992!B3:F3,False,False,explicit_forecast,False,,,True,True,
大豆体系,Soybean Oil,Global,Production,not_applicable,,,,,Soybean Oil,Global,,,,,,,,,,,,False,False,,False,,,False,False,油脂/油粕统一使用Product Output；Production避免重复。
大豆体系,Soybean Oil,Global,Imports,direct,AN23992,AN23992,SOYBEAN OIL : World Supply and Demand Balance (1000 T),Commodity Section,Soybean Oil,Global,Soybean oil Imports,1,35,68,rows 35–71,Oct Sept 25/26F | Oct Sept 24/25 | Oct Sept 23/24 | Oct Sept 22/23 | Oct Sept 21/22,B:F,"G:M (Apr–Sept, Oct–Mar, Jan–Dec)",1000 T,1000 T,AN23992!B68:F68,False,False,explicit_forecast,False,,,True,True,
大豆体系,Soybean Oil,Global,Exports,direct,AN23992,AN23992,SOYBEAN OIL : World Supply and Demand Balance (1000 T),Commodity Section,Soybean Oil,Global,Soybean oil Exports,1,72,102,rows 72–105,Oct Sept 25/26F | Oct Sept 24/25 | Oct Sept 23/24 | Oct Sept 22/23 | Oct Sept 21/22,B:F,"G:M (Apr–Sept, Oct–Mar, Jan–Dec)",1000 T,1000 T,AN23992!B102:F102,False,False,explicit_forecast,False,,,True,True,
大豆体系,Soybean Oil,Global,Crush,not_applicable,,,,,Soybean Oil,Global,,,,,,,,,,,,False,False,,False,,,False,False,油脂/油粕不使用Crush；Crush属于上游油籽。
大豆体系,Soybean Oil,Global,Product Output,direct,AN23992,AN23992,SOYBEAN OIL : World Supply and Demand Balance (1000 T),Commodity Section,Soybean Oil,Global,Production,1,2,31,rows 4–34,Oct Sept 25/26F | Oct Sept 24/25 | Oct Sept 23/24 | Oct Sept 22/23 | Oct Sept 21/22,B:F,"G:M (Apr–Sept, Oct–Mar, Jan–Dec)",1000 T,1000 T,AN23992!B31:F31,False,False,explicit_forecast,False,,,True,True,
大豆体系,Soybean Oil,Global,Domestic Consumption,direct,AN23992,AN23992,SOYBEAN OIL : World Supply and Demand Balance (1000 T),Commodity Section,Soybean Oil,Global,Soybean oil Disappear.(a),1,106,136,rows 106–139,Oct Sept 25/26F | Oct Sept 24/25 | Oct Sept 23/24 | Oct Sept 22/23 | Oct Sept 21/22,B:F,"G:M (Apr–Sept, Oct–Mar, Jan–Dec)",1000 T,1000 T,AN23992!B136:F136,True,False,explicit_forecast,False,,,True,True,Disappearance通过同表总量平衡式核对后映射Domestic Consumption。
大豆体系,Soybean Oil,Global,Ending Stocks,direct,AN23992,AN23992,SOYBEAN OIL : World Supply and Demand Balance (1000 T),Commodity Section,Soybean Oil,Global,Soybean oil Ending stocks,1,140,156,rows 140–156,Oct Sept 25/26F | Oct Sept 24/25 | Oct Sept 23/24 | Oct Sept 22/23 | Oct Sept 21/22,B:F,"G:M (Apr–Sept, Oct–Mar, Jan–Dec)",1000 T,1000 T,AN23992!B156:F156,False,False,explicit_forecast,False,,,True,True,
大豆体系,Soybean Oil,Global,Stocks/Use Ratio,conflict,AN23992,AN23992,SOYBEAN OIL : World Supply and Demand Balance (1000 T),Commodity Section,Soybean Oil,Global,,,,,,,,,,,,False,False,,False,,,False,False,原表未直接公布Stocks/Use；Disappearance带脚注(a)，现有文件未提供完整分母定义，暂不派生。
大豆体系,Soybean Oil,Global,Area Harvested,not_applicable,,,,,Soybean Oil,Global,,,,,,,,,,,,False,False,,False,,,False,False,该产品不适用上游作物的Area Harvested或Yield。
大豆体系,Soybean Oil,Global,Yield,not_applicable,,,,,Soybean Oil,Global,,,,,,,,,,,,False,False,,False,,,False,False,该产品不适用上游作物的Area Harvested或Yield。
大豆体系,Soybean Oil,United States,Beginning Stocks,derived,AN23992,AN23992,SOYBEAN OIL : World Supply and Demand Balance (1000 T),Commodity Section,Soybean Oil,United States,prior-year Ending stocks,1,140,143,Ending Stocks rows 140–156,25/26F | 24/25 | 23/24 | 22/23,derived from C:F of Ending Stocks,G:M,1000 T,1000 T,AN23992!C143:F143,False,False,explicit_forecast,True,Beginning Stocks(t) = Ending Stocks(t-1),AN23992 Ending Stocks row 143,True,True,仅对同一Oct–Sept序列顺延；不使用Jan–Dec国家表。
大豆体系,Soybean Oil,United States,Production,not_applicable,,,,,Soybean Oil,United States,,,,,,,,,,,,False,False,,False,,,False,False,油脂/油粕统一使用Product Output；Production避免重复。
大豆体系,Soybean Oil,United States,Imports,direct,AN23992,AN23992,SOYBEAN OIL : World Supply and Demand Balance (1000 T),Commodity Section,Soybean Oil,U.S.A,Soybean oil Imports,1,35,45,rows 35–71,Oct Sept 25/26F | Oct Sept 24/25 | Oct Sept 23/24 | Oct Sept 22/23 | Oct Sept 21/22,B:F,"G:M (Apr–Sept, Oct–Mar, Jan–Dec)",1000 T,1000 T,AN23992!B45:F45,False,False,explicit_forecast,False,,,True,True,
大豆体系,Soybean Oil,United States,Exports,direct,AN23992,AN23992,SOYBEAN OIL : World Supply and Demand Balance (1000 T),Commodity Section,Soybean Oil,U.S.A,Soybean oil Exports,1,72,88,rows 72–105,Oct Sept 25/26F | Oct Sept 24/25 | Oct Sept 23/24 | Oct Sept 22/23 | Oct Sept 21/22,B:F,"G:M (Apr–Sept, Oct–Mar, Jan–Dec)",1000 T,1000 T,AN23992!B88:F88,False,False,explicit_forecast,False,,,True,True,
大豆体系,Soybean Oil,United States,Crush,not_applicable,,,,,Soybean Oil,United States,,,,,,,,,,,,False,False,,False,,,False,False,油脂/油粕不使用Crush；Crush属于上游油籽。
大豆体系,Soybean Oil,United States,Product Output,direct,AN23992,AN23992,SOYBEAN OIL : World Supply and Demand Balance (1000 T),Commodity Section,Soybean Oil,U.S.A,Production,1,2,12,rows 4–34,Oct Sept 25/26F | Oct Sept 24/25 | Oct Sept 23/24 | Oct Sept 22/23 | Oct Sept 21/22,B:F,"G:M (Apr–Sept, Oct–Mar, Jan–Dec)",1000 T,1000 T,AN23992!B12:F12,False,False,explicit_forecast,False,,,True,True,
大豆体系,Soybean Oil,United States,Domestic Consumption,direct,AN23992,AN23992,SOYBEAN OIL : World Supply and Demand Balance (1000 T),Commodity Section,Soybean Oil,U.S.A,Soybean oil Disappear.(a),1,106,115,rows 106–139,Oct Sept 25/26F | Oct Sept 24/25 | Oct Sept 23/24 | Oct Sept 22/23 | Oct Sept 21/22,B:F,"G:M (Apr–Sept, Oct–Mar, Jan–Dec)",1000 T,1000 T,AN23992!B115:F115,True,False,explicit_forecast,False,,,True,True,Disappearance经同表平衡关系核对后映射Domestic Consumption。
大豆体系,Soybean Oil,United States,Ending Stocks,direct,AN23992,AN23992,SOYBEAN OIL : World Supply and Demand Balance (1000 T),Commodity Section,Soybean Oil,U.S.A,Soybean oil Ending stocks,1,140,143,rows 140–156,Oct Sept 25/26F | Oct Sept 24/25 | Oct Sept 23/24 | Oct Sept 22/23 | Oct Sept 21/22,B:F,"G:M (Apr–Sept, Oct–Mar, Jan–Dec)",1000 T,1000 T,AN23992!B143:F143,False,False,explicit_forecast,False,,,True,True,
大豆体系,Soybean Oil,United States,Stocks/Use Ratio,conflict,AN23992,AN23992,SOYBEAN OIL : World Supply and Demand Balance (1000 T),Commodity Section,Soybean Oil,United States,,,,,,,,,,,,False,False,,False,,,False,False,原表未直接公布比例；Disappearance脚注(a)定义未在现有文件中完整找到，暂不建议派生。
大豆体系,Soybean Oil,United States,Area Harvested,not_applicable,,,,,Soybean Oil,United States,,,,,,,,,,,,False,False,,False,,,False,False,该产品不适用上游作物的Area Harvested或Yield。
大豆体系,Soybean Oil,United States,Yield,not_applicable,,,,,Soybean Oil,United States,,,,,,,,,,,,False,False,,False,,,False,False,该产品不适用上游作物的Area Harvested或Yield。
大豆体系,Soybean Oil,Brazil,Beginning Stocks,derived,AN23992,AN23992,SOYBEAN OIL : World Supply and Demand Balance (1000 T),Commodity Section,Soybean Oil,Brazil,prior-year Ending stocks,1,140,146,Ending Stocks rows 140–156,25/26F | 24/25 | 23/24 | 22/23,derived from C:F of Ending Stocks,G:M,1000 T,1000 T,AN23992!C146:F146,False,False,explicit_forecast,True,Beginning Stocks(t) = Ending Stocks(t-1),AN23992 Ending Stocks row 146,True,True,仅对同一Oct–Sept序列顺延；不使用Jan–Dec国家表。
大豆体系,Soybean Oil,Brazil,Production,not_applicable,,,,,Soybean Oil,Brazil,,,,,,,,,,,,False,False,,False,,,False,False,油脂/油粕统一使用Product Output；Production避免重复。
大豆体系,Soybean Oil,Brazil,Imports,direct,AN23992,AN23992,SOYBEAN OIL : World Supply and Demand Balance (1000 T),Commodity Section,Soybean Oil,Brazil,Soybean oil Imports,1,35,50,rows 35–71,Oct Sept 25/26F | Oct Sept 24/25 | Oct Sept 23/24 | Oct Sept 22/23 | Oct Sept 21/22,B:F,"G:M (Apr–Sept, Oct–Mar, Jan–Dec)",1000 T,1000 T,AN23992!B50:F50,False,False,explicit_forecast,False,,,True,True,
大豆体系,Soybean Oil,Brazil,Exports,direct,AN23992,AN23992,SOYBEAN OIL : World Supply and Demand Balance (1000 T),Commodity Section,Soybean Oil,Brazil,Soybean oil Exports,1,72,91,rows 72–105,Oct Sept 25/26F | Oct Sept 24/25 | Oct Sept 23/24 | Oct Sept 22/23 | Oct Sept 21/22,B:F,"G:M (Apr–Sept, Oct–Mar, Jan–Dec)",1000 T,1000 T,AN23992!B91:F91,False,False,explicit_forecast,False,,,True,True,
大豆体系,Soybean Oil,Brazil,Crush,not_applicable,,,,,Soybean Oil,Brazil,,,,,,,,,,,,False,False,,False,,,False,False,油脂/油粕不使用Crush；Crush属于上游油籽。
大豆体系,Soybean Oil,Brazil,Product Output,direct,AN23992,AN23992,SOYBEAN OIL : World Supply and Demand Balance (1000 T),Commodity Section,Soybean Oil,Brazil,Production,1,2,16,rows 4–34,Oct Sept 25/26F | Oct Sept 24/25 | Oct Sept 23/24 | Oct Sept 22/23 | Oct Sept 21/22,B:F,"G:M (Apr–Sept, Oct–Mar, Jan–Dec)",1000 T,1000 T,AN23992!B16:F16,False,False,explicit_forecast,False,,,True,True,
大豆体系,Soybean Oil,Brazil,Domestic Consumption,direct,AN23992,AN23992,SOYBEAN OIL : World Supply and Demand Balance (1000 T),Commodity Section,Soybean Oil,Brazil,Soybean oil Disappear.(a),1,106,118,rows 106–139,Oct Sept 25/26F | Oct Sept 24/25 | Oct Sept 23/24 | Oct Sept 22/23 | Oct Sept 21/22,B:F,"G:M (Apr–Sept, Oct–Mar, Jan–Dec)",1000 T,1000 T,AN23992!B118:F118,True,False,explicit_forecast,False,,,True,True,Disappearance经同表平衡关系核对后映射Domestic Consumption。
大豆体系,Soybean Oil,Brazil,Ending Stocks,direct,AN23992,AN23992,SOYBEAN OIL : World Supply and Demand Balance (1000 T),Commodity Section,Soybean Oil,Brazil,Soybean oil Ending stocks,1,140,146,rows 140–156,Oct Sept 25/26F | Oct Sept 24/25 | Oct Sept 23/24 | Oct Sept 22/23 | Oct Sept 21/22,B:F,"G:M (Apr–Sept, Oct–Mar, Jan–Dec)",1000 T,1000 T,AN23992!B146:F146,False,False,explicit_forecast,False,,,True,True,
大豆体系,Soybean Oil,Brazil,Stocks/Use Ratio,conflict,AN23992,AN23992,SOYBEAN OIL : World Supply and Demand Balance (1000 T),Commodity Section,Soybean Oil,Brazil,,,,,,,,,,,,False,False,,False,,,False,False,原表未直接公布比例；Disappearance脚注(a)定义未在现有文件中完整找到，暂不建议派生。
大豆体系,Soybean Oil,Brazil,Area Harvested,not_applicable,,,,,Soybean Oil,Brazil,,,,,,,,,,,,False,False,,False,,,False,False,该产品不适用上游作物的Area Harvested或Yield。
大豆体系,Soybean Oil,Brazil,Yield,not_applicable,,,,,Soybean Oil,Brazil,,,,,,,,,,,,False,False,,False,,,False,False,该产品不适用上游作物的Area Harvested或Yield。
大豆体系,Soybean Oil,Argentina,Beginning Stocks,derived,AN23992,AN23992,SOYBEAN OIL : World Supply and Demand Balance (1000 T),Commodity Section,Soybean Oil,Argentina,prior-year Ending stocks,1,140,145,Ending Stocks rows 140–156,25/26F | 24/25 | 23/24 | 22/23,derived from C:F of Ending Stocks,G:M,1000 T,1000 T,AN23992!C145:F145,False,False,explicit_forecast,True,Beginning Stocks(t) = Ending Stocks(t-1),AN23992 Ending Stocks row 145,True,True,仅对同一Oct–Sept序列顺延；不使用Jan–Dec国家表。
大豆体系,Soybean Oil,Argentina,Production,not_applicable,,,,,Soybean Oil,Argentina,,,,,,,,,,,,False,False,,False,,,False,False,油脂/油粕统一使用Product Output；Production避免重复。
大豆体系,Soybean Oil,Argentina,Imports,direct,AN23992,AN23992,SOYBEAN OIL : World Supply and Demand Balance (1000 T),Commodity Section,Soybean Oil,Argentina,Soybean oil Imports,1,35,49,rows 35–71,Oct Sept 25/26F | Oct Sept 24/25 | Oct Sept 23/24 | Oct Sept 22/23 | Oct Sept 21/22,B:F,"G:M (Apr–Sept, Oct–Mar, Jan–Dec)",1000 T,1000 T,AN23992!B49:F49,False,False,explicit_forecast,False,,,True,True,
大豆体系,Soybean Oil,Argentina,Exports,direct,AN23992,AN23992,SOYBEAN OIL : World Supply and Demand Balance (1000 T),Commodity Section,Soybean Oil,Argentina,Soybean oil Exports,1,72,89,rows 72–105,Oct Sept 25/26F | Oct Sept 24/25 | Oct Sept 23/24 | Oct Sept 22/23 | Oct Sept 21/22,B:F,"G:M (Apr–Sept, Oct–Mar, Jan–Dec)",1000 T,1000 T,AN23992!B89:F89,False,False,explicit_forecast,False,,,True,True,
大豆体系,Soybean Oil,Argentina,Crush,not_applicable,,,,,Soybean Oil,Argentina,,,,,,,,,,,,False,False,,False,,,False,False,油脂/油粕不使用Crush；Crush属于上游油籽。
大豆体系,Soybean Oil,Argentina,Product Output,direct,AN23992,AN23992,SOYBEAN OIL : World Supply and Demand Balance (1000 T),Commodity Section,Soybean Oil,Argentina,Production,1,2,14,rows 4–34,Oct Sept 25/26F | Oct Sept 24/25 | Oct Sept 23/24 | Oct Sept 22/23 | Oct Sept 21/22,B:F,"G:M (Apr–Sept, Oct–Mar, Jan–Dec)",1000 T,1000 T,AN23992!B14:F14,False,False,explicit_forecast,False,,,True,True,
大豆体系,Soybean Oil,Argentina,Domestic Consumption,direct,AN23992,AN23992,SOYBEAN OIL : World Supply and Demand Balance (1000 T),Commodity Section,Soybean Oil,Argentina,Soybean oil Disappear.(a),1,106,117,rows 106–139,Oct Sept 25/26F | Oct Sept 24/25 | Oct Sept 23/24 | Oct Sept 22/23 | Oct Sept 21/22,B:F,"G:M (Apr–Sept, Oct–Mar, Jan–Dec)",1000 T,1000 T,AN23992!B117:F117,True,False,explicit_forecast,False,,,True,True,Disappearance经同表平衡关系核对后映射Domestic Consumption。
大豆体系,Soybean Oil,Argentina,Ending Stocks,direct,AN23992,AN23992,SOYBEAN OIL : World Supply and Demand Balance (1000 T),Commodity Section,Soybean Oil,Argentina,Soybean oil Ending stocks,1,140,145,rows 140–156,Oct Sept 25/26F | Oct Sept 24/25 | Oct Sept 23/24 | Oct Sept 22/23 | Oct Sept 21/22,B:F,"G:M (Apr–Sept, Oct–Mar, Jan–Dec)",1000 T,1000 T,AN23992!B145:F145,False,False,explicit_forecast,False,,,True,True,
大豆体系,Soybean Oil,Argentina,Stocks/Use Ratio,conflict,AN23992,AN23992,SOYBEAN OIL : World Supply and Demand Balance (1000 T),Commodity Section,Soybean Oil,Argentina,,,,,,,,,,,,False,False,,False,,,False,False,原表未直接公布比例；Disappearance脚注(a)定义未在现有文件中完整找到，暂不建议派生。
大豆体系,Soybean Oil,Argentina,Area Harvested,not_applicable,,,,,Soybean Oil,Argentina,,,,,,,,,,,,False,False,,False,,,False,False,该产品不适用上游作物的Area Harvested或Yield。
大豆体系,Soybean Oil,Argentina,Yield,not_applicable,,,,,Soybean Oil,Argentina,,,,,,,,,,,,False,False,,False,,,False,False,该产品不适用上游作物的Area Harvested或Yield。
大豆体系,Soybean Oil,China,Beginning Stocks,derived,AN23992,AN23992,SOYBEAN OIL : World Supply and Demand Balance (1000 T),Commodity Section,Soybean Oil,China,prior-year Ending stocks,1,140,148,Ending Stocks rows 140–156,25/26F | 24/25 | 23/24 | 22/23,derived from C:F of Ending Stocks,G:M,1000 T,1000 T,AN23992!C148:F148,False,False,explicit_forecast,True,Beginning Stocks(t) = Ending Stocks(t-1),AN23992 Ending Stocks row 148,True,True,仅对同一Oct–Sept序列顺延；不使用Jan–Dec国家表。
大豆体系,Soybean Oil,China,Production,not_applicable,,,,,Soybean Oil,China,,,,,,,,,,,,False,False,,False,,,False,False,油脂/油粕统一使用Product Output；Production避免重复。
大豆体系,Soybean Oil,China,Imports,direct,AN23992,AN23992,SOYBEAN OIL : World Supply and Demand Balance (1000 T),Commodity Section,Soybean Oil,"China,PR",Soybean oil Imports,1,35,56,rows 35–71,Oct Sept 25/26F | Oct Sept 24/25 | Oct Sept 23/24 | Oct Sept 22/23 | Oct Sept 21/22,B:F,"G:M (Apr–Sept, Oct–Mar, Jan–Dec)",1000 T,1000 T,AN23992!B56:F56,False,False,explicit_forecast,False,,,True,True,
大豆体系,Soybean Oil,China,Exports,direct,AN23992,AN23992,SOYBEAN OIL : World Supply and Demand Balance (1000 T),Commodity Section,Soybean Oil,"China,PR",Soybean oil Exports,1,72,93,rows 72–105,Oct Sept 25/26F | Oct Sept 24/25 | Oct Sept 23/24 | Oct Sept 22/23 | Oct Sept 21/22,B:F,"G:M (Apr–Sept, Oct–Mar, Jan–Dec)",1000 T,1000 T,AN23992!B93:F93,False,False,explicit_forecast,False,,,True,True,
大豆体系,Soybean Oil,China,Crush,not_applicable,,,,,Soybean Oil,China,,,,,,,,,,,,False,False,,False,,,False,False,油脂/油粕不使用Crush；Crush属于上游油籽。
大豆体系,Soybean Oil,China,Product Output,direct,AN23992,AN23992,SOYBEAN OIL : World Supply and Demand Balance (1000 T),Commodity Section,Soybean Oil,"China, PR",Production,1,2,18,rows 4–34,Oct Sept 25/26F | Oct Sept 24/25 | Oct Sept 23/24 | Oct Sept 22/23 | Oct Sept 21/22,B:F,"G:M (Apr–Sept, Oct–Mar, Jan–Dec)",1000 T,1000 T,AN23992!B18:F18,False,False,explicit_forecast,False,,,True,True,
大豆体系,Soybean Oil,China,Domestic Consumption,direct,AN23992,AN23992,SOYBEAN OIL : World Supply and Demand Balance (1000 T),Commodity Section,Soybean Oil,"China,PR",Soybean oil Disappear.(a),1,106,124,rows 106–139,Oct Sept 25/26F | Oct Sept 24/25 | Oct Sept 23/24 | Oct Sept 22/23 | Oct Sept 21/22,B:F,"G:M (Apr–Sept, Oct–Mar, Jan–Dec)",1000 T,1000 T,AN23992!B124:F124,True,False,explicit_forecast,False,,,True,True,Disappearance经同表平衡关系核对后映射Domestic Consumption。
大豆体系,Soybean Oil,China,Ending Stocks,direct,AN23992,AN23992,SOYBEAN OIL : World Supply and Demand Balance (1000 T),Commodity Section,Soybean Oil,"China,PR",Soybean oil Ending stocks,1,140,148,rows 140–156,Oct Sept 25/26F | Oct Sept 24/25 | Oct Sept 23/24 | Oct Sept 22/23 | Oct Sept 21/22,B:F,"G:M (Apr–Sept, Oct–Mar, Jan–Dec)",1000 T,1000 T,AN23992!B148:F148,False,False,explicit_forecast,False,,,True,True,
大豆体系,Soybean Oil,China,Stocks/Use Ratio,conflict,AN23992,AN23992,SOYBEAN OIL : World Supply and Demand Balance (1000 T),Commodity Section,Soybean Oil,China,,,,,,,,,,,,False,False,,False,,,False,False,原表未直接公布比例；Disappearance脚注(a)定义未在现有文件中完整找到，暂不建议派生。
大豆体系,Soybean Oil,China,Area Harvested,not_applicable,,,,,Soybean Oil,China,,,,,,,,,,,,False,False,,False,,,False,False,该产品不适用上游作物的Area Harvested或Yield。
大豆体系,Soybean Oil,China,Yield,not_applicable,,,,,Soybean Oil,China,,,,,,,,,,,,False,False,,False,,,False,False,该产品不适用上游作物的Area Harvested或Yield。
大豆体系,Soybean Oil,G3,Beginning Stocks,derived,AN23992,AN23992,SOYBEAN OIL : World Supply and Demand Balance (1000 T),Commodity Section,Soybean Oil,G3,prior-year Ending stocks,1,140,143 + 146 + 145,Ending Stocks rows 140–156,25/26F | 24/25 | 23/24 | 22/23,derived from C:F of Ending Stocks,G:M,1000 T,1000 T,AN23992!C143:F143 + AN23992!C146:F146 + AN23992!C145:F145,False,False,explicit_forecast,True,G3 Beginning Stocks(t) = sum of member Ending Stocks(t-1),United States: row 143; Brazil: row 146; Argentina: row 145,True,True,只发布组成国在相同Oct–Sept年度均有Ending Stocks的重叠年度。
大豆体系,Soybean Oil,G3,Production,not_applicable,,,,,Soybean Oil,G3,,,,,,,,,,,,False,False,,False,,,False,False,油脂/油粕统一使用Product Output；Production避免重复。
大豆体系,Soybean Oil,G3,Imports,derived,AN23992,AN23992,SOYBEAN OIL : World Supply and Demand Balance (1000 T),Commodity Section,Soybean Oil,G3,Soybean oil Imports,1,35,45 + 50 + 49,rows 35–71,Oct Sept 25/26F | Oct Sept 24/25 | Oct Sept 23/24 | Oct Sept 22/23 | Oct Sept 21/22,B:F,G:M,1000 T,1000 T,AN23992!B45:F45 + AN23992!B50:F50 + AN23992!B49:F49,False,False,explicit_forecast,True,G3 = United States + Brazil + Argentina,United States: row 45; Brazil: row 50; Argentina: row 49,True,True,只发布所有组成国同年、同指标、同单位均有效的年度；空白不得按0。
大豆体系,Soybean Oil,G3,Exports,derived,AN23992,AN23992,SOYBEAN OIL : World Supply and Demand Balance (1000 T),Commodity Section,Soybean Oil,G3,Soybean oil Exports,1,72,88 + 91 + 89,rows 72–105,Oct Sept 25/26F | Oct Sept 24/25 | Oct Sept 23/24 | Oct Sept 22/23 | Oct Sept 21/22,B:F,G:M,1000 T,1000 T,AN23992!B88:F88 + AN23992!B91:F91 + AN23992!B89:F89,False,False,explicit_forecast,True,G3 = United States + Brazil + Argentina,United States: row 88; Brazil: row 91; Argentina: row 89,True,True,只发布所有组成国同年、同指标、同单位均有效的年度；空白不得按0。
大豆体系,Soybean Oil,G3,Crush,not_applicable,,,,,Soybean Oil,G3,,,,,,,,,,,,False,False,,False,,,False,False,油脂/油粕不使用Crush；Crush属于上游油籽。
大豆体系,Soybean Oil,G3,Product Output,derived,AN23992,AN23992,SOYBEAN OIL : World Supply and Demand Balance (1000 T),Commodity Section,Soybean Oil,G3,Production,1,2,12 + 16 + 14,rows 4–34,Oct Sept 25/26F | Oct Sept 24/25 | Oct Sept 23/24 | Oct Sept 22/23 | Oct Sept 21/22,B:F,G:M,1000 T,1000 T,AN23992!B12:F12 + AN23992!B16:F16 + AN23992!B14:F14,False,False,explicit_forecast,True,G3 = United States + Brazil + Argentina,United States: row 12; Brazil: row 16; Argentina: row 14,True,True,只发布所有组成国同年、同指标、同单位均有效的年度；空白不得按0。
大豆体系,Soybean Oil,G3,Domestic Consumption,derived,AN23992,AN23992,SOYBEAN OIL : World Supply and Demand Balance (1000 T),Commodity Section,Soybean Oil,G3,Soybean oil Disappear.(a),1,106,115 + 118 + 117,rows 106–139,Oct Sept 25/26F | Oct Sept 24/25 | Oct Sept 23/24 | Oct Sept 22/23 | Oct Sept 21/22,B:F,G:M,1000 T,1000 T,AN23992!B115:F115 + AN23992!B118:F118 + AN23992!B117:F117,False,False,explicit_forecast,True,G3 = United States + Brazil + Argentina,United States: row 115; Brazil: row 118; Argentina: row 117,True,True,只发布所有组成国同年、同指标、同单位均有效的年度；空白不得按0。
大豆体系,Soybean Oil,G3,Ending Stocks,derived,AN23992,AN23992,SOYBEAN OIL : World Supply and Demand Balance (1000 T),Commodity Section,Soybean Oil,G3,Soybean oil Ending stocks,1,140,143 + 146 + 145,rows 140–156,Oct Sept 25/26F | Oct Sept 24/25 | Oct Sept 23/24 | Oct Sept 22/23 | Oct Sept 21/22,B:F,G:M,1000 T,1000 T,AN23992!B143:F143 + AN23992!B146:F146 + AN23992!B145:F145,False,False,explicit_forecast,True,G3 = United States + Brazil + Argentina,United States: row 143; Brazil: row 146; Argentina: row 145,True,True,只发布所有组成国同年、同指标、同单位均有效的年度；空白不得按0。
大豆体系,Soybean Oil,G3,Stocks/Use Ratio,conflict,AN23992,AN23992,SOYBEAN OIL : World Supply and Demand Balance (1000 T),Commodity Section,Soybean Oil,G3,,,,,,,,,,,,False,False,,False,,,False,False,聚合Ending Stocks与Disappearance虽可求和，但脚注分母定义未从现有文件确认，暂不派生比例。
大豆体系,Soybean Oil,G3,Area Harvested,not_applicable,,,,,Soybean Oil,G3,,,,,,,,,,,,False,False,,False,,,False,False,该产品不适用上游作物的Area Harvested或Yield。
大豆体系,Soybean Oil,G3,Yield,not_applicable,,,,,Soybean Oil,G3,,,,,,,,,,,,False,False,,False,,,False,False,该产品不适用上游作物的Area Harvested或Yield。
大豆体系,Soybean Meal,Global,Beginning Stocks,direct,AN33992,AN33992,SOYBEAN MEAL : World Supply and Demand Balance (1000 T),Commodity Section,Soybean Meal,Global,Open'g stocks,1,2,3,,Oct Sept 25/26F | Oct Sept 24/25 | Oct Sept 23/24 | Oct Sept 22/23 | Oct Sept 21/22,B:F,"G:M (Apr–Sept, Oct–Mar, Jan–Dec)",1000 T,1000 T,AN33992!B3:F3,False,False,explicit_forecast,False,,,True,True,
大豆体系,Soybean Meal,Global,Production,not_applicable,,,,,Soybean Meal,Global,,,,,,,,,,,,False,False,,False,,,False,False,油脂/油粕统一使用Product Output；Production避免重复。
大豆体系,Soybean Meal,Global,Imports,direct,AN33992,AN33992,SOYBEAN MEAL : World Supply and Demand Balance (1000 T),Commodity Section,Soybean Meal,Global,Soybean meal Imports,1,36,71,rows 36–74,Oct Sept 25/26F | Oct Sept 24/25 | Oct Sept 23/24 | Oct Sept 22/23 | Oct Sept 21/22,B:F,"G:M (Apr–Sept, Oct–Mar, Jan–Dec)",1000 T,1000 T,AN33992!B71:F71,False,False,explicit_forecast,False,,,True,True,
大豆体系,Soybean Meal,Global,Exports,direct,AN33992,AN33992,SOYBEAN MEAL : World Supply and Demand Balance (1000 T),Commodity Section,Soybean Meal,Global,Soybean meal Exports,1,75,92,rows 75–95,Oct Sept 25/26F | Oct Sept 24/25 | Oct Sept 23/24 | Oct Sept 22/23 | Oct Sept 21/22,B:F,"G:M (Apr–Sept, Oct–Mar, Jan–Dec)",1000 T,1000 T,AN33992!B92:F92,False,False,explicit_forecast,False,,,True,True,
大豆体系,Soybean Meal,Global,Crush,not_applicable,,,,,Soybean Meal,Global,,,,,,,,,,,,False,False,,False,,,False,False,油脂/油粕不使用Crush；Crush属于上游油籽。
大豆体系,Soybean Meal,Global,Product Output,direct,AN33992,AN33992,SOYBEAN MEAL : World Supply and Demand Balance (1000 T),Commodity Section,Soybean Meal,Global,Meal Output,1,2,32,rows 4–35,Oct Sept 25/26F | Oct Sept 24/25 | Oct Sept 23/24 | Oct Sept 22/23 | Oct Sept 21/22,B:F,"G:M (Apr–Sept, Oct–Mar, Jan–Dec)",1000 T,1000 T,AN33992!B32:F32,False,False,explicit_forecast,False,,,True,True,
大豆体系,Soybean Meal,Global,Domestic Consumption,direct,AN33992,AN33992,SOYBEAN MEAL : World Supply and Demand Balance (1000 T),Commodity Section,Soybean Meal,Global,Soybean meal Disappear.(a),1,96,129,rows 96–132,Oct Sept 25/26F | Oct Sept 24/25 | Oct Sept 23/24 | Oct Sept 22/23 | Oct Sept 21/22,B:F,"G:M (Apr–Sept, Oct–Mar, Jan–Dec)",1000 T,1000 T,AN33992!B129:F129,True,False,explicit_forecast,False,,,True,True,Disappearance通过同表总量平衡式核对后映射Domestic Consumption。
大豆体系,Soybean Meal,Global,Ending Stocks,direct,AN33992,AN33992,SOYBEAN MEAL : World Supply and Demand Balance (1000 T),Commodity Section,Soybean Meal,Global,Soybean meal Ending stocks,1,133,145,rows 133–145,Oct Sept 25/26F | Oct Sept 24/25 | Oct Sept 23/24 | Oct Sept 22/23 | Oct Sept 21/22,B:F,"G:M (Apr–Sept, Oct–Mar, Jan–Dec)",1000 T,1000 T,AN33992!B145:F145,False,False,explicit_forecast,False,,,True,True,
大豆体系,Soybean Meal,Global,Stocks/Use Ratio,conflict,AN33992,AN33992,SOYBEAN MEAL : World Supply and Demand Balance (1000 T),Commodity Section,Soybean Meal,Global,,,,,,,,,,,,False,False,,False,,,False,False,原表未直接公布Stocks/Use；Disappearance带脚注(a)，现有文件未提供完整分母定义，暂不派生。
大豆体系,Soybean Meal,Global,Area Harvested,not_applicable,,,,,Soybean Meal,Global,,,,,,,,,,,,False,False,,False,,,False,False,该产品不适用上游作物的Area Harvested或Yield。
大豆体系,Soybean Meal,Global,Yield,not_applicable,,,,,Soybean Meal,Global,,,,,,,,,,,,False,False,,False,,,False,False,该产品不适用上游作物的Area Harvested或Yield。
大豆体系,Soybean Meal,United States,Beginning Stocks,derived,AN33992,AN33992,SOYBEAN MEAL : World Supply and Demand Balance (1000 T),Commodity Section,Soybean Meal,United States,prior-year Ending stocks,1,133,135,Ending Stocks rows 133–145,25/26F | 24/25 | 23/24 | 22/23,derived from C:F of Ending Stocks,G:M,1000 T,1000 T,AN33992!C135:F135,False,False,explicit_forecast,True,Beginning Stocks(t) = Ending Stocks(t-1),AN33992 Ending Stocks row 135,True,True,仅对同一Oct–Sept序列顺延；不使用Jan–Dec国家表。
大豆体系,Soybean Meal,United States,Production,not_applicable,,,,,Soybean Meal,United States,,,,,,,,,,,,False,False,,False,,,False,False,油脂/油粕统一使用Product Output；Production避免重复。
大豆体系,Soybean Meal,United States,Imports,direct,AN33992,AN33992,SOYBEAN MEAL : World Supply and Demand Balance (1000 T),Commodity Section,Soybean Meal,U.S.A,Soybean meal Imports,1,36,46,rows 36–74,Oct Sept 25/26F | Oct Sept 24/25 | Oct Sept 23/24 | Oct Sept 22/23 | Oct Sept 21/22,B:F,"G:M (Apr–Sept, Oct–Mar, Jan–Dec)",1000 T,1000 T,AN33992!B46:F46,False,False,explicit_forecast,False,,,True,True,
大豆体系,Soybean Meal,United States,Exports,direct,AN33992,AN33992,SOYBEAN MEAL : World Supply and Demand Balance (1000 T),Commodity Section,Soybean Meal,U.S.A,Soybean meal Exports,1,75,82,rows 75–95,Oct Sept 25/26F | Oct Sept 24/25 | Oct Sept 23/24 | Oct Sept 22/23 | Oct Sept 21/22,B:F,"G:M (Apr–Sept, Oct–Mar, Jan–Dec)",1000 T,1000 T,AN33992!B82:F82,False,False,explicit_forecast,False,,,True,True,
大豆体系,Soybean Meal,United States,Crush,not_applicable,,,,,Soybean Meal,United States,,,,,,,,,,,,False,False,,False,,,False,False,油脂/油粕不使用Crush；Crush属于上游油籽。
大豆体系,Soybean Meal,United States,Product Output,direct,AN33992,AN33992,SOYBEAN MEAL : World Supply and Demand Balance (1000 T),Commodity Section,Soybean Meal,U.S.A,Meal Output,1,2,13,rows 4–35,Oct Sept 25/26F | Oct Sept 24/25 | Oct Sept 23/24 | Oct Sept 22/23 | Oct Sept 21/22,B:F,"G:M (Apr–Sept, Oct–Mar, Jan–Dec)",1000 T,1000 T,AN33992!B13:F13,False,False,explicit_forecast,False,,,True,True,
大豆体系,Soybean Meal,United States,Domestic Consumption,direct,AN33992,AN33992,SOYBEAN MEAL : World Supply and Demand Balance (1000 T),Commodity Section,Soybean Meal,U.S.A,Soybean meal Disappear.(a),1,96,105,rows 96–132,Oct Sept 25/26F | Oct Sept 24/25 | Oct Sept 23/24 | Oct Sept 22/23 | Oct Sept 21/22,B:F,"G:M (Apr–Sept, Oct–Mar, Jan–Dec)",1000 T,1000 T,AN33992!B105:F105,True,False,explicit_forecast,False,,,True,True,Disappearance经同表平衡关系核对后映射Domestic Consumption。
大豆体系,Soybean Meal,United States,Ending Stocks,direct,AN33992,AN33992,SOYBEAN MEAL : World Supply and Demand Balance (1000 T),Commodity Section,Soybean Meal,U.S.A.(d),Soybean meal Ending stocks,1,133,135,rows 133–145,Oct Sept 25/26F | Oct Sept 24/25 | Oct Sept 23/24 | Oct Sept 22/23 | Oct Sept 21/22,B:F,"G:M (Apr–Sept, Oct–Mar, Jan–Dec)",1000 T,1000 T,AN33992!B135:F135,True,False,explicit_forecast,False,,,True,True,
大豆体系,Soybean Meal,United States,Stocks/Use Ratio,conflict,AN33992,AN33992,SOYBEAN MEAL : World Supply and Demand Balance (1000 T),Commodity Section,Soybean Meal,United States,,,,,,,,,,,,False,False,,False,,,False,False,原表未直接公布比例；Disappearance脚注(a)定义未在现有文件中完整找到，暂不建议派生。
大豆体系,Soybean Meal,United States,Area Harvested,not_applicable,,,,,Soybean Meal,United States,,,,,,,,,,,,False,False,,False,,,False,False,该产品不适用上游作物的Area Harvested或Yield。
大豆体系,Soybean Meal,United States,Yield,not_applicable,,,,,Soybean Meal,United States,,,,,,,,,,,,False,False,,False,,,False,False,该产品不适用上游作物的Area Harvested或Yield。
大豆体系,Soybean Meal,Brazil,Beginning Stocks,derived,AN33992,AN33992,SOYBEAN MEAL : World Supply and Demand Balance (1000 T),Commodity Section,Soybean Meal,Brazil,prior-year Ending stocks,1,133,137,Ending Stocks rows 133–145,25/26F | 24/25 | 23/24 | 22/23,derived from C:F of Ending Stocks,G:M,1000 T,1000 T,AN33992!C137:F137,False,False,explicit_forecast,True,Beginning Stocks(t) = Ending Stocks(t-1),AN33992 Ending Stocks row 137,True,True,仅对同一Oct–Sept序列顺延；不使用Jan–Dec国家表。
大豆体系,Soybean Meal,Brazil,Production,not_applicable,,,,,Soybean Meal,Brazil,,,,,,,,,,,,False,False,,False,,,False,False,油脂/油粕统一使用Product Output；Production避免重复。
大豆体系,Soybean Meal,Brazil,Imports,missing,AN33992,AN33992,SOYBEAN MEAL : World Supply and Demand Balance (1000 T),Commodity Section,Soybean Meal,Brazil,,,,,,,,,,,,False,False,,False,,,False,False,该指标章节没有该国家行；不得把缺行解释为0。
大豆体系,Soybean Meal,Brazil,Exports,direct,AN33992,AN33992,SOYBEAN MEAL : World Supply and Demand Balance (1000 T),Commodity Section,Soybean Meal,Brazil,Soybean meal Exports,1,75,85,rows 75–95,Oct Sept 25/26F | Oct Sept 24/25 | Oct Sept 23/24 | Oct Sept 22/23 | Oct Sept 21/22,B:F,"G:M (Apr–Sept, Oct–Mar, Jan–Dec)",1000 T,1000 T,AN33992!B85:F85,False,False,explicit_forecast,False,,,True,True,
大豆体系,Soybean Meal,Brazil,Crush,not_applicable,,,,,Soybean Meal,Brazil,,,,,,,,,,,,False,False,,False,,,False,False,油脂/油粕不使用Crush；Crush属于上游油籽。
大豆体系,Soybean Meal,Brazil,Product Output,direct,AN33992,AN33992,SOYBEAN MEAL : World Supply and Demand Balance (1000 T),Commodity Section,Soybean Meal,Brazil,Meal Output,1,2,17,rows 4–35,Oct Sept 25/26F | Oct Sept 24/25 | Oct Sept 23/24 | Oct Sept 22/23 | Oct Sept 21/22,B:F,"G:M (Apr–Sept, Oct–Mar, Jan–Dec)",1000 T,1000 T,AN33992!B17:F17,False,False,explicit_forecast,False,,,True,True,
大豆体系,Soybean Meal,Brazil,Domestic Consumption,direct,AN33992,AN33992,SOYBEAN MEAL : World Supply and Demand Balance (1000 T),Commodity Section,Soybean Meal,Brazil,Soybean meal Disappear.(a),1,96,109,rows 96–132,Oct Sept 25/26F | Oct Sept 24/25 | Oct Sept 23/24 | Oct Sept 22/23 | Oct Sept 21/22,B:F,"G:M (Apr–Sept, Oct–Mar, Jan–Dec)",1000 T,1000 T,AN33992!B109:F109,True,False,explicit_forecast,False,,,True,True,Disappearance经同表平衡关系核对后映射Domestic Consumption。
大豆体系,Soybean Meal,Brazil,Ending Stocks,direct,AN33992,AN33992,SOYBEAN MEAL : World Supply and Demand Balance (1000 T),Commodity Section,Soybean Meal,Brazil(d),Soybean meal Ending stocks,1,133,137,rows 133–145,Oct Sept 25/26F | Oct Sept 24/25 | Oct Sept 23/24 | Oct Sept 22/23 | Oct Sept 21/22,B:F,"G:M (Apr–Sept, Oct–Mar, Jan–Dec)",1000 T,1000 T,AN33992!B137:F137,True,False,explicit_forecast,False,,,True,True,
大豆体系,Soybean Meal,Brazil,Stocks/Use Ratio,conflict,AN33992,AN33992,SOYBEAN MEAL : World Supply and Demand Balance (1000 T),Commodity Section,Soybean Meal,Brazil,,,,,,,,,,,,False,False,,False,,,False,False,原表未直接公布比例；Disappearance脚注(a)定义未在现有文件中完整找到，暂不建议派生。
大豆体系,Soybean Meal,Brazil,Area Harvested,not_applicable,,,,,Soybean Meal,Brazil,,,,,,,,,,,,False,False,,False,,,False,False,该产品不适用上游作物的Area Harvested或Yield。
大豆体系,Soybean Meal,Brazil,Yield,not_applicable,,,,,Soybean Meal,Brazil,,,,,,,,,,,,False,False,,False,,,False,False,该产品不适用上游作物的Area Harvested或Yield。
大豆体系,Soybean Meal,Argentina,Beginning Stocks,derived,AN33992,AN33992,SOYBEAN MEAL : World Supply and Demand Balance (1000 T),Commodity Section,Soybean Meal,Argentina,prior-year Ending stocks,1,133,136,Ending Stocks rows 133–145,25/26F | 24/25 | 23/24 | 22/23,derived from C:F of Ending Stocks,G:M,1000 T,1000 T,AN33992!C136:F136,False,False,explicit_forecast,True,Beginning Stocks(t) = Ending Stocks(t-1),AN33992 Ending Stocks row 136,True,True,仅对同一Oct–Sept序列顺延；不使用Jan–Dec国家表。
大豆体系,Soybean Meal,Argentina,Production,not_applicable,,,,,Soybean Meal,Argentina,,,,,,,,,,,,False,False,,False,,,False,False,油脂/油粕统一使用Product Output；Production避免重复。
大豆体系,Soybean Meal,Argentina,Imports,missing,AN33992,AN33992,SOYBEAN MEAL : World Supply and Demand Balance (1000 T),Commodity Section,Soybean Meal,Argentina,,,,,,,,,,,,False,False,,False,,,False,False,该指标章节没有该国家行；不得把缺行解释为0。
大豆体系,Soybean Meal,Argentina,Exports,direct,AN33992,AN33992,SOYBEAN MEAL : World Supply and Demand Balance (1000 T),Commodity Section,Soybean Meal,Argentina,Soybean meal Exports,1,75,83,rows 75–95,Oct Sept 25/26F | Oct Sept 24/25 | Oct Sept 23/24 | Oct Sept 22/23 | Oct Sept 21/22,B:F,"G:M (Apr–Sept, Oct–Mar, Jan–Dec)",1000 T,1000 T,AN33992!B83:F83,False,False,explicit_forecast,False,,,True,True,
大豆体系,Soybean Meal,Argentina,Crush,not_applicable,,,,,Soybean Meal,Argentina,,,,,,,,,,,,False,False,,False,,,False,False,油脂/油粕不使用Crush；Crush属于上游油籽。
大豆体系,Soybean Meal,Argentina,Product Output,direct,AN33992,AN33992,SOYBEAN MEAL : World Supply and Demand Balance (1000 T),Commodity Section,Soybean Meal,Argentina,Meal Output,1,2,15,rows 4–35,Oct Sept 25/26F | Oct Sept 24/25 | Oct Sept 23/24 | Oct Sept 22/23 | Oct Sept 21/22,B:F,"G:M (Apr–Sept, Oct–Mar, Jan–Dec)",1000 T,1000 T,AN33992!B15:F15,False,False,explicit_forecast,False,,,True,True,
大豆体系,Soybean Meal,Argentina,Domestic Consumption,direct,AN33992,AN33992,SOYBEAN MEAL : World Supply and Demand Balance (1000 T),Commodity Section,Soybean Meal,Argentina,Soybean meal Disappear.(a),1,96,108,rows 96–132,Oct Sept 25/26F | Oct Sept 24/25 | Oct Sept 23/24 | Oct Sept 22/23 | Oct Sept 21/22,B:F,"G:M (Apr–Sept, Oct–Mar, Jan–Dec)",1000 T,1000 T,AN33992!B108:F108,True,False,explicit_forecast,False,,,True,True,Disappearance经同表平衡关系核对后映射Domestic Consumption。
大豆体系,Soybean Meal,Argentina,Ending Stocks,direct,AN33992,AN33992,SOYBEAN MEAL : World Supply and Demand Balance (1000 T),Commodity Section,Soybean Meal,Argentina,Soybean meal Ending stocks,1,133,136,rows 133–145,Oct Sept 25/26F | Oct Sept 24/25 | Oct Sept 23/24 | Oct Sept 22/23 | Oct Sept 21/22,B:F,"G:M (Apr–Sept, Oct–Mar, Jan–Dec)",1000 T,1000 T,AN33992!B136:F136,False,False,explicit_forecast,False,,,True,True,
大豆体系,Soybean Meal,Argentina,Stocks/Use Ratio,conflict,AN33992,AN33992,SOYBEAN MEAL : World Supply and Demand Balance (1000 T),Commodity Section,Soybean Meal,Argentina,,,,,,,,,,,,False,False,,False,,,False,False,原表未直接公布比例；Disappearance脚注(a)定义未在现有文件中完整找到，暂不建议派生。
大豆体系,Soybean Meal,Argentina,Area Harvested,not_applicable,,,,,Soybean Meal,Argentina,,,,,,,,,,,,False,False,,False,,,False,False,该产品不适用上游作物的Area Harvested或Yield。
大豆体系,Soybean Meal,Argentina,Yield,not_applicable,,,,,Soybean Meal,Argentina,,,,,,,,,,,,False,False,,False,,,False,False,该产品不适用上游作物的Area Harvested或Yield。
大豆体系,Soybean Meal,China,Beginning Stocks,derived,AN33992,AN33992,SOYBEAN MEAL : World Supply and Demand Balance (1000 T),Commodity Section,Soybean Meal,China,prior-year Ending stocks,1,133,138,Ending Stocks rows 133–145,25/26F | 24/25 | 23/24 | 22/23,derived from C:F of Ending Stocks,G:M,1000 T,1000 T,AN33992!C138:F138,False,False,explicit_forecast,True,Beginning Stocks(t) = Ending Stocks(t-1),AN33992 Ending Stocks row 138,True,True,仅对同一Oct–Sept序列顺延；不使用Jan–Dec国家表。
大豆体系,Soybean Meal,China,Production,not_applicable,,,,,Soybean Meal,China,,,,,,,,,,,,False,False,,False,,,False,False,油脂/油粕统一使用Product Output；Production避免重复。
大豆体系,Soybean Meal,China,Imports,direct,AN33992,AN33992,SOYBEAN MEAL : World Supply and Demand Balance (1000 T),Commodity Section,Soybean Meal,"China,PR",Soybean meal Imports,1,36,56,rows 36–74,Oct Sept 25/26F | Oct Sept 24/25 | Oct Sept 23/24 | Oct Sept 22/23 | Oct Sept 21/22,B:F,"G:M (Apr–Sept, Oct–Mar, Jan–Dec)",1000 T,1000 T,AN33992!B56:F56,False,False,explicit_forecast,False,,,True,True,
大豆体系,Soybean Meal,China,Exports,direct,AN33992,AN33992,SOYBEAN MEAL : World Supply and Demand Balance (1000 T),Commodity Section,Soybean Meal,"China,PR",Soybean meal Exports,1,75,87,rows 75–95,Oct Sept 25/26F | Oct Sept 24/25 | Oct Sept 23/24 | Oct Sept 22/23 | Oct Sept 21/22,B:F,"G:M (Apr–Sept, Oct–Mar, Jan–Dec)",1000 T,1000 T,AN33992!B87:F87,False,False,explicit_forecast,False,,,True,True,
大豆体系,Soybean Meal,China,Crush,not_applicable,,,,,Soybean Meal,China,,,,,,,,,,,,False,False,,False,,,False,False,油脂/油粕不使用Crush；Crush属于上游油籽。
大豆体系,Soybean Meal,China,Product Output,direct,AN33992,AN33992,SOYBEAN MEAL : World Supply and Demand Balance (1000 T),Commodity Section,Soybean Meal,"China, PR",Meal Output,1,2,20,rows 4–35,Oct Sept 25/26F | Oct Sept 24/25 | Oct Sept 23/24 | Oct Sept 22/23 | Oct Sept 21/22,B:F,"G:M (Apr–Sept, Oct–Mar, Jan–Dec)",1000 T,1000 T,AN33992!B20:F20,False,False,explicit_forecast,False,,,True,True,
大豆体系,Soybean Meal,China,Domestic Consumption,direct,AN33992,AN33992,SOYBEAN MEAL : World Supply and Demand Balance (1000 T),Commodity Section,Soybean Meal,"China,PR",Soybean meal Disappear.(a),1,96,113,rows 96–132,Oct Sept 25/26F | Oct Sept 24/25 | Oct Sept 23/24 | Oct Sept 22/23 | Oct Sept 21/22,B:F,"G:M (Apr–Sept, Oct–Mar, Jan–Dec)",1000 T,1000 T,AN33992!B113:F113,True,False,explicit_forecast,False,,,True,True,Disappearance经同表平衡关系核对后映射Domestic Consumption。
大豆体系,Soybean Meal,China,Ending Stocks,direct,AN33992,AN33992,SOYBEAN MEAL : World Supply and Demand Balance (1000 T),Commodity Section,Soybean Meal,"China,PR",Soybean meal Ending stocks,1,133,138,rows 133–145,Oct Sept 25/26F | Oct Sept 24/25 | Oct Sept 23/24 | Oct Sept 22/23 | Oct Sept 21/22,B:F,"G:M (Apr–Sept, Oct–Mar, Jan–Dec)",1000 T,1000 T,AN33992!B138:F138,False,False,explicit_forecast,False,,,True,True,
大豆体系,Soybean Meal,China,Stocks/Use Ratio,conflict,AN33992,AN33992,SOYBEAN MEAL : World Supply and Demand Balance (1000 T),Commodity Section,Soybean Meal,China,,,,,,,,,,,,False,False,,False,,,False,False,原表未直接公布比例；Disappearance脚注(a)定义未在现有文件中完整找到，暂不建议派生。
大豆体系,Soybean Meal,China,Area Harvested,not_applicable,,,,,Soybean Meal,China,,,,,,,,,,,,False,False,,False,,,False,False,该产品不适用上游作物的Area Harvested或Yield。
大豆体系,Soybean Meal,China,Yield,not_applicable,,,,,Soybean Meal,China,,,,,,,,,,,,False,False,,False,,,False,False,该产品不适用上游作物的Area Harvested或Yield。
大豆体系,Soybean Meal,G3,Beginning Stocks,derived,AN33992,AN33992,SOYBEAN MEAL : World Supply and Demand Balance (1000 T),Commodity Section,Soybean Meal,G3,prior-year Ending stocks,1,133,135 + 137 + 136,Ending Stocks rows 133–145,25/26F | 24/25 | 23/24 | 22/23,derived from C:F of Ending Stocks,G:M,1000 T,1000 T,AN33992!C135:F135 + AN33992!C137:F137 + AN33992!C136:F136,False,False,explicit_forecast,True,G3 Beginning Stocks(t) = sum of member Ending Stocks(t-1),United States: row 135; Brazil: row 137; Argentina: row 136,True,True,只发布组成国在相同Oct–Sept年度均有Ending Stocks的重叠年度。
大豆体系,Soybean Meal,G3,Production,not_applicable,,,,,Soybean Meal,G3,,,,,,,,,,,,False,False,,False,,,False,False,油脂/油粕统一使用Product Output；Production避免重复。
大豆体系,Soybean Meal,G3,Imports,missing,AN33992,AN33992,SOYBEAN MEAL : World Supply and Demand Balance (1000 T),Commodity Section,Soybean Meal,G3,,,,,,,,,,,,False,False,,False,,,False,False,G3至少一个组成国在该章节缺行或缺值，不能补0。
大豆体系,Soybean Meal,G3,Exports,derived,AN33992,AN33992,SOYBEAN MEAL : World Supply and Demand Balance (1000 T),Commodity Section,Soybean Meal,G3,Soybean meal Exports,1,75,82 + 85 + 83,rows 75–95,Oct Sept 25/26F | Oct Sept 24/25 | Oct Sept 23/24 | Oct Sept 22/23 | Oct Sept 21/22,B:F,G:M,1000 T,1000 T,AN33992!B82:F82 + AN33992!B85:F85 + AN33992!B83:F83,False,False,explicit_forecast,True,G3 = United States + Brazil + Argentina,United States: row 82; Brazil: row 85; Argentina: row 83,True,True,只发布所有组成国同年、同指标、同单位均有效的年度；空白不得按0。
大豆体系,Soybean Meal,G3,Crush,not_applicable,,,,,Soybean Meal,G3,,,,,,,,,,,,False,False,,False,,,False,False,油脂/油粕不使用Crush；Crush属于上游油籽。
大豆体系,Soybean Meal,G3,Product Output,derived,AN33992,AN33992,SOYBEAN MEAL : World Supply and Demand Balance (1000 T),Commodity Section,Soybean Meal,G3,Meal Output,1,2,13 + 17 + 15,rows 4–35,Oct Sept 25/26F | Oct Sept 24/25 | Oct Sept 23/24 | Oct Sept 22/23 | Oct Sept 21/22,B:F,G:M,1000 T,1000 T,AN33992!B13:F13 + AN33992!B17:F17 + AN33992!B15:F15,False,False,explicit_forecast,True,G3 = United States + Brazil + Argentina,United States: row 13; Brazil: row 17; Argentina: row 15,True,True,只发布所有组成国同年、同指标、同单位均有效的年度；空白不得按0。
大豆体系,Soybean Meal,G3,Domestic Consumption,derived,AN33992,AN33992,SOYBEAN MEAL : World Supply and Demand Balance (1000 T),Commodity Section,Soybean Meal,G3,Soybean meal Disappear.(a),1,96,105 + 109 + 108,rows 96–132,Oct Sept 25/26F | Oct Sept 24/25 | Oct Sept 23/24 | Oct Sept 22/23 | Oct Sept 21/22,B:F,G:M,1000 T,1000 T,AN33992!B105:F105 + AN33992!B109:F109 + AN33992!B108:F108,False,False,explicit_forecast,True,G3 = United States + Brazil + Argentina,United States: row 105; Brazil: row 109; Argentina: row 108,True,True,只发布所有组成国同年、同指标、同单位均有效的年度；空白不得按0。
大豆体系,Soybean Meal,G3,Ending Stocks,derived,AN33992,AN33992,SOYBEAN MEAL : World Supply and Demand Balance (1000 T),Commodity Section,Soybean Meal,G3,Soybean meal Ending stocks,1,133,135 + 137 + 136,rows 133–145,Oct Sept 25/26F | Oct Sept 24/25 | Oct Sept 23/24 | Oct Sept 22/23 | Oct Sept 21/22,B:F,G:M,1000 T,1000 T,AN33992!B135:F135 + AN33992!B137:F137 + AN33992!B136:F136,False,False,explicit_forecast,True,G3 = United States + Brazil + Argentina,United States: row 135; Brazil: row 137; Argentina: row 136,True,True,只发布所有组成国同年、同指标、同单位均有效的年度；空白不得按0。
大豆体系,Soybean Meal,G3,Stocks/Use Ratio,conflict,AN33992,AN33992,SOYBEAN MEAL : World Supply and Demand Balance (1000 T),Commodity Section,Soybean Meal,G3,,,,,,,,,,,,False,False,,False,,,False,False,聚合Ending Stocks与Disappearance虽可求和，但脚注分母定义未从现有文件确认，暂不派生比例。
大豆体系,Soybean Meal,G3,Area Harvested,not_applicable,,,,,Soybean Meal,G3,,,,,,,,,,,,False,False,,False,,,False,False,该产品不适用上游作物的Area Harvested或Yield。
大豆体系,Soybean Meal,G3,Yield,not_applicable,,,,,Soybean Meal,G3,,,,,,,,,,,,False,False,,False,,,False,False,该产品不适用上游作物的Area Harvested或Yield。
菜籽体系,Rapeseed Oil,Global,Beginning Stocks,direct,AN24992,AN24992,RAPESEED OIL : World Supply and Demand Balance (1000 T),Commodity Section,Rapeseed Oil,Global,Open'g stocks,1,2,3,,Oct Sept 25/26F | Oct Sept 24/25 | Oct Sept 23/24 | Oct Sept 22/23 | Oct Sept 21/22,B:F,"G:M (Apr–Sept, Oct–Mar, Jan–Dec)",1000 T,1000 T,AN24992!B3:F3,False,False,explicit_forecast,False,,,True,True,
菜籽体系,Rapeseed Oil,Global,Production,not_applicable,,,,,Rapeseed Oil,Global,,,,,,,,,,,,False,False,,False,,,False,False,油脂/油粕统一使用Product Output；Production避免重复。
菜籽体系,Rapeseed Oil,Global,Imports,direct,AN24992,AN24992,RAPESEED OIL : World Supply and Demand Balance (1000 T),Commodity Section,Rapeseed Oil,Global,Rapeseed oil Imports,1,30,50,rows 30–53,Oct Sept 25/26F | Oct Sept 24/25 | Oct Sept 23/24 | Oct Sept 22/23 | Oct Sept 21/22,B:F,"G:M (Apr–Sept, Oct–Mar, Jan–Dec)",1000 T,1000 T,AN24992!B50:F50,False,False,explicit_forecast,False,,,True,True,
菜籽体系,Rapeseed Oil,Global,Exports,direct,AN24992,AN24992,RAPESEED OIL : World Supply and Demand Balance (1000 T),Commodity Section,Rapeseed Oil,Global,Rapeseed oil Exports,1,54,80,rows 54–83,Oct Sept 25/26F | Oct Sept 24/25 | Oct Sept 23/24 | Oct Sept 22/23 | Oct Sept 21/22,B:F,"G:M (Apr–Sept, Oct–Mar, Jan–Dec)",1000 T,1000 T,AN24992!B80:F80,False,False,explicit_forecast,False,,,True,True,
菜籽体系,Rapeseed Oil,Global,Crush,not_applicable,,,,,Rapeseed Oil,Global,,,,,,,,,,,,False,False,,False,,,False,False,油脂/油粕不使用Crush；Crush属于上游油籽。
菜籽体系,Rapeseed Oil,Global,Product Output,direct,AN24992,AN24992,RAPESEED OIL : World Supply and Demand Balance (1000 T),Commodity Section,Rapeseed Oil,Global,Production,1,2,26,rows 4–29,Oct Sept 25/26F | Oct Sept 24/25 | Oct Sept 23/24 | Oct Sept 22/23 | Oct Sept 21/22,B:F,"G:M (Apr–Sept, Oct–Mar, Jan–Dec)",1000 T,1000 T,AN24992!B26:F26,False,False,explicit_forecast,False,,,True,True,
菜籽体系,Rapeseed Oil,Global,Domestic Consumption,direct,AN24992,AN24992,RAPESEED OIL : World Supply and Demand Balance (1000 T),Commodity Section,Rapeseed Oil,Global,Rapeseed oil Disappear.(a),1,84,100,rows 84–103,Oct Sept 25/26F | Oct Sept 24/25 | Oct Sept 23/24 | Oct Sept 22/23 | Oct Sept 21/22,B:F,"G:M (Apr–Sept, Oct–Mar, Jan–Dec)",1000 T,1000 T,AN24992!B100:F100,True,False,explicit_forecast,False,,,True,True,Disappearance通过同表总量平衡式核对后映射Domestic Consumption。
菜籽体系,Rapeseed Oil,Global,Ending Stocks,direct,AN24992,AN24992,RAPESEED OIL : World Supply and Demand Balance (1000 T),Commodity Section,Rapeseed Oil,Global,Rapeseed oil Ending stocks,1,104,115,rows 104–115,Oct Sept 25/26F | Oct Sept 24/25 | Oct Sept 23/24 | Oct Sept 22/23 | Oct Sept 21/22,B:F,"G:M (Apr–Sept, Oct–Mar, Jan–Dec)",1000 T,1000 T,AN24992!B115:F115,False,False,explicit_forecast,False,,,True,True,
菜籽体系,Rapeseed Oil,Global,Stocks/Use Ratio,conflict,AN24992,AN24992,RAPESEED OIL : World Supply and Demand Balance (1000 T),Commodity Section,Rapeseed Oil,Global,,,,,,,,,,,,False,False,,False,,,False,False,原表未直接公布Stocks/Use；Disappearance带脚注(a)，现有文件未提供完整分母定义，暂不派生。
菜籽体系,Rapeseed Oil,Global,Area Harvested,not_applicable,,,,,Rapeseed Oil,Global,,,,,,,,,,,,False,False,,False,,,False,False,该产品不适用上游作物的Area Harvested或Yield。
菜籽体系,Rapeseed Oil,Global,Yield,not_applicable,,,,,Rapeseed Oil,Global,,,,,,,,,,,,False,False,,False,,,False,False,该产品不适用上游作物的Area Harvested或Yield。
菜籽体系,Rapeseed Oil,Canada,Beginning Stocks,derived,AN24992,AN24992,RAPESEED OIL : World Supply and Demand Balance (1000 T),Commodity Section,Rapeseed Oil,Canada,prior-year Ending stocks,1,104,108,Ending Stocks rows 104–115,25/26F | 24/25 | 23/24 | 22/23,derived from C:F of Ending Stocks,G:M,1000 T,1000 T,AN24992!C108:F108,False,False,explicit_forecast,True,Beginning Stocks(t) = Ending Stocks(t-1),AN24992 Ending Stocks row 108,True,True,仅对同一Oct–Sept序列顺延；不使用Jan–Dec国家表。
菜籽体系,Rapeseed Oil,Canada,Production,not_applicable,,,,,Rapeseed Oil,Canada,,,,,,,,,,,,False,False,,False,,,False,False,油脂/油粕统一使用Product Output；Production避免重复。
菜籽体系,Rapeseed Oil,Canada,Imports,direct,AN24992,AN24992,RAPESEED OIL : World Supply and Demand Balance (1000 T),Commodity Section,Rapeseed Oil,Canada,Rapeseed oil Imports,1,30,34,rows 30–53,Oct Sept 25/26F | Oct Sept 24/25 | Oct Sept 23/24 | Oct Sept 22/23 | Oct Sept 21/22,B:F,"G:M (Apr–Sept, Oct–Mar, Jan–Dec)",1000 T,1000 T,AN24992!B34:F34,False,False,explicit_forecast,False,,,True,True,
菜籽体系,Rapeseed Oil,Canada,Exports,direct,AN24992,AN24992,RAPESEED OIL : World Supply and Demand Balance (1000 T),Commodity Section,Rapeseed Oil,Canada,Rapeseed oil Exports,1,54,70,rows 54–83,Oct Sept 25/26F | Oct Sept 24/25 | Oct Sept 23/24 | Oct Sept 22/23 | Oct Sept 21/22,B:F,"G:M (Apr–Sept, Oct–Mar, Jan–Dec)",1000 T,1000 T,AN24992!B70:F70,False,False,explicit_forecast,False,,,True,True,
菜籽体系,Rapeseed Oil,Canada,Crush,not_applicable,,,,,Rapeseed Oil,Canada,,,,,,,,,,,,False,False,,False,,,False,False,油脂/油粕不使用Crush；Crush属于上游油籽。
菜籽体系,Rapeseed Oil,Canada,Product Output,direct,AN24992,AN24992,RAPESEED OIL : World Supply and Demand Balance (1000 T),Commodity Section,Rapeseed Oil,Canada,Production,1,2,10,rows 4–29,Oct Sept 25/26F | Oct Sept 24/25 | Oct Sept 23/24 | Oct Sept 22/23 | Oct Sept 21/22,B:F,"G:M (Apr–Sept, Oct–Mar, Jan–Dec)",1000 T,1000 T,AN24992!B10:F10,False,False,explicit_forecast,False,,,True,True,
菜籽体系,Rapeseed Oil,Canada,Domestic Consumption,direct,AN24992,AN24992,RAPESEED OIL : World Supply and Demand Balance (1000 T),Commodity Section,Rapeseed Oil,Canada,Rapeseed oil Disappear.(a),1,84,89,rows 84–103,Oct Sept 25/26F | Oct Sept 24/25 | Oct Sept 23/24 | Oct Sept 22/23 | Oct Sept 21/22,B:F,"G:M (Apr–Sept, Oct–Mar, Jan–Dec)",1000 T,1000 T,AN24992!B89:F89,True,False,explicit_forecast,False,,,True,True,Disappearance经同表平衡关系核对后映射Domestic Consumption。
菜籽体系,Rapeseed Oil,Canada,Ending Stocks,direct,AN24992,AN24992,RAPESEED OIL : World Supply and Demand Balance (1000 T),Commodity Section,Rapeseed Oil,Canada,Rapeseed oil Ending stocks,1,104,108,rows 104–115,Oct Sept 25/26F | Oct Sept 24/25 | Oct Sept 23/24 | Oct Sept 22/23 | Oct Sept 21/22,B:F,"G:M (Apr–Sept, Oct–Mar, Jan–Dec)",1000 T,1000 T,AN24992!B108:F108,False,False,explicit_forecast,False,,,True,True,
菜籽体系,Rapeseed Oil,Canada,Stocks/Use Ratio,conflict,AN24992,AN24992,RAPESEED OIL : World Supply and Demand Balance (1000 T),Commodity Section,Rapeseed Oil,Canada,,,,,,,,,,,,False,False,,False,,,False,False,原表未直接公布比例；Disappearance脚注(a)定义未在现有文件中完整找到，暂不建议派生。
菜籽体系,Rapeseed Oil,Canada,Area Harvested,not_applicable,,,,,Rapeseed Oil,Canada,,,,,,,,,,,,False,False,,False,,,False,False,该产品不适用上游作物的Area Harvested或Yield。
菜籽体系,Rapeseed Oil,Canada,Yield,not_applicable,,,,,Rapeseed Oil,Canada,,,,,,,,,,,,False,False,,False,,,False,False,该产品不适用上游作物的Area Harvested或Yield。
菜籽体系,Rapeseed Oil,European Union,Beginning Stocks,derived,AN24992,AN24992,RAPESEED OIL : World Supply and Demand Balance (1000 T),Commodity Section,Rapeseed Oil,European Union,prior-year Ending stocks,1,104,106,Ending Stocks rows 104–115,25/26F | 24/25 | 23/24 | 22/23,derived from C:F of Ending Stocks,G:M,1000 T,1000 T,AN24992!C106:F106,False,False,explicit_forecast,True,Beginning Stocks(t) = Ending Stocks(t-1),AN24992 Ending Stocks row 106,True,True,仅对同一Oct–Sept序列顺延；不使用Jan–Dec国家表。
菜籽体系,Rapeseed Oil,European Union,Production,not_applicable,,,,,Rapeseed Oil,European Union,,,,,,,,,,,,False,False,,False,,,False,False,油脂/油粕统一使用Product Output；Production避免重复。
菜籽体系,Rapeseed Oil,European Union,Imports,direct,AN24992,AN24992,RAPESEED OIL : World Supply and Demand Balance (1000 T),Commodity Section,Rapeseed Oil,EU-27(c),Rapeseed oil Imports,1,30,31,rows 30–53,Oct Sept 25/26F | Oct Sept 24/25 | Oct Sept 23/24 | Oct Sept 22/23 | Oct Sept 21/22,B:F,"G:M (Apr–Sept, Oct–Mar, Jan–Dec)",1000 T,1000 T,AN24992!B31:F31,True,False,explicit_forecast,False,,,True,True,
菜籽体系,Rapeseed Oil,European Union,Exports,direct,AN24992,AN24992,RAPESEED OIL : World Supply and Demand Balance (1000 T),Commodity Section,Rapeseed Oil,EU-27(c),Rapeseed oil Exports,1,54,63,rows 54–83,Oct Sept 25/26F | Oct Sept 24/25 | Oct Sept 23/24 | Oct Sept 22/23 | Oct Sept 21/22,B:F,"G:M (Apr–Sept, Oct–Mar, Jan–Dec)",1000 T,1000 T,AN24992!B63:F63,True,False,explicit_forecast,False,,,True,True,
菜籽体系,Rapeseed Oil,European Union,Crush,not_applicable,,,,,Rapeseed Oil,European Union,,,,,,,,,,,,False,False,,False,,,False,False,油脂/油粕不使用Crush；Crush属于上游油籽。
菜籽体系,Rapeseed Oil,European Union,Product Output,direct,AN24992,AN24992,RAPESEED OIL : World Supply and Demand Balance (1000 T),Commodity Section,Rapeseed Oil,EU-27,Production,1,2,5,rows 4–29,Oct Sept 25/26F | Oct Sept 24/25 | Oct Sept 23/24 | Oct Sept 22/23 | Oct Sept 21/22,B:F,"G:M (Apr–Sept, Oct–Mar, Jan–Dec)",1000 T,1000 T,AN24992!B5:F5,False,False,explicit_forecast,False,,,True,True,
菜籽体系,Rapeseed Oil,European Union,Domestic Consumption,direct,AN24992,AN24992,RAPESEED OIL : World Supply and Demand Balance (1000 T),Commodity Section,Rapeseed Oil,EU-27,Rapeseed oil Disappear.(a),1,84,85,rows 84–103,Oct Sept 25/26F | Oct Sept 24/25 | Oct Sept 23/24 | Oct Sept 22/23 | Oct Sept 21/22,B:F,"G:M (Apr–Sept, Oct–Mar, Jan–Dec)",1000 T,1000 T,AN24992!B85:F85,True,False,explicit_forecast,False,,,True,True,Disappearance经同表平衡关系核对后映射Domestic Consumption。
菜籽体系,Rapeseed Oil,European Union,Ending Stocks,direct,AN24992,AN24992,RAPESEED OIL : World Supply and Demand Balance (1000 T),Commodity Section,Rapeseed Oil,EU-27,Rapeseed oil Ending stocks,1,104,106,rows 104–115,Oct Sept 25/26F | Oct Sept 24/25 | Oct Sept 23/24 | Oct Sept 22/23 | Oct Sept 21/22,B:F,"G:M (Apr–Sept, Oct–Mar, Jan–Dec)",1000 T,1000 T,AN24992!B106:F106,False,False,explicit_forecast,False,,,True,True,
菜籽体系,Rapeseed Oil,European Union,Stocks/Use Ratio,conflict,AN24992,AN24992,RAPESEED OIL : World Supply and Demand Balance (1000 T),Commodity Section,Rapeseed Oil,European Union,,,,,,,,,,,,False,False,,False,,,False,False,原表未直接公布比例；Disappearance脚注(a)定义未在现有文件中完整找到，暂不建议派生。
菜籽体系,Rapeseed Oil,European Union,Area Harvested,not_applicable,,,,,Rapeseed Oil,European Union,,,,,,,,,,,,False,False,,False,,,False,False,该产品不适用上游作物的Area Harvested或Yield。
菜籽体系,Rapeseed Oil,European Union,Yield,not_applicable,,,,,Rapeseed Oil,European Union,,,,,,,,,,,,False,False,,False,,,False,False,该产品不适用上游作物的Area Harvested或Yield。
菜籽体系,Rapeseed Oil,Australia,Beginning Stocks,missing,AN24992,AN24992,RAPESEED OIL : World Supply and Demand Balance (1000 T),Commodity Section,Rapeseed Oil,Australia,,,,,,,,,,,,False,False,,False,,,False,False,Ending Stocks章节没有该国家完整行，不能顺延Beginning Stocks。
菜籽体系,Rapeseed Oil,Australia,Production,not_applicable,,,,,Rapeseed Oil,Australia,,,,,,,,,,,,False,False,,False,,,False,False,油脂/油粕统一使用Product Output；Production避免重复。
菜籽体系,Rapeseed Oil,Australia,Imports,missing,AN24992,AN24992,RAPESEED OIL : World Supply and Demand Balance (1000 T),Commodity Section,Rapeseed Oil,Australia,,,,,,,,,,,,False,False,,False,,,False,False,该指标章节没有该国家行；不得把缺行解释为0。
菜籽体系,Rapeseed Oil,Australia,Exports,direct,AN24992,AN24992,RAPESEED OIL : World Supply and Demand Balance (1000 T),Commodity Section,Rapeseed Oil,Australia,Rapeseed oil Exports,1,54,78,rows 54–83,Oct Sept 25/26F | Oct Sept 24/25 | Oct Sept 23/24 | Oct Sept 22/23 | Oct Sept 21/22,B:F,"G:M (Apr–Sept, Oct–Mar, Jan–Dec)",1000 T,1000 T,AN24992!B78:F78,False,False,explicit_forecast,False,,,True,True,
菜籽体系,Rapeseed Oil,Australia,Crush,not_applicable,,,,,Rapeseed Oil,Australia,,,,,,,,,,,,False,False,,False,,,False,False,油脂/油粕不使用Crush；Crush属于上游油籽。
菜籽体系,Rapeseed Oil,Australia,Product Output,direct,AN24992,AN24992,RAPESEED OIL : World Supply and Demand Balance (1000 T),Commodity Section,Rapeseed Oil,Australia,Production,1,2,24,rows 4–29,Oct Sept 25/26F | Oct Sept 24/25 | Oct Sept 23/24 | Oct Sept 22/23 | Oct Sept 21/22,B:F,"G:M (Apr–Sept, Oct–Mar, Jan–Dec)",1000 T,1000 T,AN24992!B24:F24,False,False,explicit_forecast,False,,,True,True,
菜籽体系,Rapeseed Oil,Australia,Domestic Consumption,direct,AN24992,AN24992,RAPESEED OIL : World Supply and Demand Balance (1000 T),Commodity Section,Rapeseed Oil,Australia,Rapeseed oil Disappear.(a),1,84,98,rows 84–103,Oct Sept 25/26F | Oct Sept 24/25 | Oct Sept 23/24 | Oct Sept 22/23 | Oct Sept 21/22,B:F,"G:M (Apr–Sept, Oct–Mar, Jan–Dec)",1000 T,1000 T,AN24992!B98:F98,True,False,explicit_forecast,False,,,True,True,Disappearance经同表平衡关系核对后映射Domestic Consumption。
菜籽体系,Rapeseed Oil,Australia,Ending Stocks,missing,AN24992,AN24992,RAPESEED OIL : World Supply and Demand Balance (1000 T),Commodity Section,Rapeseed Oil,Australia,,,,,,,,,,,,False,False,,False,,,False,False,该指标章节没有该国家行；不得把缺行解释为0。
菜籽体系,Rapeseed Oil,Australia,Stocks/Use Ratio,missing,AN24992,AN24992,RAPESEED OIL : World Supply and Demand Balance (1000 T),Commodity Section,Rapeseed Oil,Australia,,,,,,,,,,,,False,False,,False,,,False,False,Ending Stocks或Disappearance缺行，比例无法构建。
菜籽体系,Rapeseed Oil,Australia,Area Harvested,not_applicable,,,,,Rapeseed Oil,Australia,,,,,,,,,,,,False,False,,False,,,False,False,该产品不适用上游作物的Area Harvested或Yield。
菜籽体系,Rapeseed Oil,Australia,Yield,not_applicable,,,,,Rapeseed Oil,Australia,,,,,,,,,,,,False,False,,False,,,False,False,该产品不适用上游作物的Area Harvested或Yield。
菜籽体系,Rapeseed Oil,China,Beginning Stocks,derived,AN24992,AN24992,RAPESEED OIL : World Supply and Demand Balance (1000 T),Commodity Section,Rapeseed Oil,China,prior-year Ending stocks,1,104,110,Ending Stocks rows 104–115,25/26F | 24/25 | 23/24 | 22/23,derived from C:F of Ending Stocks,G:M,1000 T,1000 T,AN24992!C110:F110,False,False,explicit_forecast,True,Beginning Stocks(t) = Ending Stocks(t-1),AN24992 Ending Stocks row 110,True,True,仅对同一Oct–Sept序列顺延；不使用Jan–Dec国家表。
菜籽体系,Rapeseed Oil,China,Production,not_applicable,,,,,Rapeseed Oil,China,,,,,,,,,,,,False,False,,False,,,False,False,油脂/油粕统一使用Product Output；Production避免重复。
菜籽体系,Rapeseed Oil,China,Imports,direct,AN24992,AN24992,RAPESEED OIL : World Supply and Demand Balance (1000 T),Commodity Section,Rapeseed Oil,"China,PR",Rapeseed oil Imports,1,30,40,rows 30–53,Oct Sept 25/26F | Oct Sept 24/25 | Oct Sept 23/24 | Oct Sept 22/23 | Oct Sept 21/22,B:F,"G:M (Apr–Sept, Oct–Mar, Jan–Dec)",1000 T,1000 T,AN24992!B40:F40,False,False,explicit_forecast,False,,,True,True,
菜籽体系,Rapeseed Oil,China,Exports,direct,AN24992,AN24992,RAPESEED OIL : World Supply and Demand Balance (1000 T),Commodity Section,Rapeseed Oil,"China,PR",Rapeseed oil Exports,1,54,75,rows 54–83,Oct Sept 25/26F | Oct Sept 24/25 | Oct Sept 23/24 | Oct Sept 22/23 | Oct Sept 21/22,B:F,"G:M (Apr–Sept, Oct–Mar, Jan–Dec)",1000 T,1000 T,AN24992!B75:F75,False,False,explicit_forecast,False,,,True,True,
菜籽体系,Rapeseed Oil,China,Crush,not_applicable,,,,,Rapeseed Oil,China,,,,,,,,,,,,False,False,,False,,,False,False,油脂/油粕不使用Crush；Crush属于上游油籽。
菜籽体系,Rapeseed Oil,China,Product Output,direct,AN24992,AN24992,RAPESEED OIL : World Supply and Demand Balance (1000 T),Commodity Section,Rapeseed Oil,"China,PR",Production,1,2,16,rows 4–29,Oct Sept 25/26F | Oct Sept 24/25 | Oct Sept 23/24 | Oct Sept 22/23 | Oct Sept 21/22,B:F,"G:M (Apr–Sept, Oct–Mar, Jan–Dec)",1000 T,1000 T,AN24992!B16:F16,False,False,explicit_forecast,False,,,True,True,
菜籽体系,Rapeseed Oil,China,Domestic Consumption,direct,AN24992,AN24992,RAPESEED OIL : World Supply and Demand Balance (1000 T),Commodity Section,Rapeseed Oil,"China,PR",Rapeseed oil Disappear.(a),1,84,93,rows 84–103,Oct Sept 25/26F | Oct Sept 24/25 | Oct Sept 23/24 | Oct Sept 22/23 | Oct Sept 21/22,B:F,"G:M (Apr–Sept, Oct–Mar, Jan–Dec)",1000 T,1000 T,AN24992!B93:F93,True,False,explicit_forecast,False,,,True,True,Disappearance经同表平衡关系核对后映射Domestic Consumption。
菜籽体系,Rapeseed Oil,China,Ending Stocks,direct,AN24992,AN24992,RAPESEED OIL : World Supply and Demand Balance (1000 T),Commodity Section,Rapeseed Oil,"China,PR",Rapeseed oil Ending stocks,1,104,110,rows 104–115,Oct Sept 25/26F | Oct Sept 24/25 | Oct Sept 23/24 | Oct Sept 22/23 | Oct Sept 21/22,B:F,"G:M (Apr–Sept, Oct–Mar, Jan–Dec)",1000 T,1000 T,AN24992!B110:F110,False,False,explicit_forecast,False,,,True,True,
菜籽体系,Rapeseed Oil,China,Stocks/Use Ratio,conflict,AN24992,AN24992,RAPESEED OIL : World Supply and Demand Balance (1000 T),Commodity Section,Rapeseed Oil,China,,,,,,,,,,,,False,False,,False,,,False,False,原表未直接公布比例；Disappearance脚注(a)定义未在现有文件中完整找到，暂不建议派生。
菜籽体系,Rapeseed Oil,China,Area Harvested,not_applicable,,,,,Rapeseed Oil,China,,,,,,,,,,,,False,False,,False,,,False,False,该产品不适用上游作物的Area Harvested或Yield。
菜籽体系,Rapeseed Oil,China,Yield,not_applicable,,,,,Rapeseed Oil,China,,,,,,,,,,,,False,False,,False,,,False,False,该产品不适用上游作物的Area Harvested或Yield。
菜籽体系,Rapeseed Oil,Russia,Beginning Stocks,missing,AN24992,AN24992,RAPESEED OIL : World Supply and Demand Balance (1000 T),Commodity Section,Rapeseed Oil,Russia,,,,,,,,,,,,False,False,,False,,,False,False,Ending Stocks章节没有该国家完整行，不能顺延Beginning Stocks。
菜籽体系,Rapeseed Oil,Russia,Production,not_applicable,,,,,Rapeseed Oil,Russia,,,,,,,,,,,,False,False,,False,,,False,False,油脂/油粕统一使用Product Output；Production避免重复。
菜籽体系,Rapeseed Oil,Russia,Imports,missing,AN24992,AN24992,RAPESEED OIL : World Supply and Demand Balance (1000 T),Commodity Section,Rapeseed Oil,Russia,,,,,,,,,,,,False,False,,False,,,False,False,该指标章节没有该国家行；不得把缺行解释为0。
菜籽体系,Rapeseed Oil,Russia,Exports,direct,AN24992,AN24992,RAPESEED OIL : World Supply and Demand Balance (1000 T),Commodity Section,Rapeseed Oil,Russia,Rapeseed oil Exports,1,54,66,rows 54–83,Oct Sept 25/26F | Oct Sept 24/25 | Oct Sept 23/24 | Oct Sept 22/23 | Oct Sept 21/22,B:F,"G:M (Apr–Sept, Oct–Mar, Jan–Dec)",1000 T,1000 T,AN24992!B66:F66,False,False,explicit_forecast,False,,,True,True,
菜籽体系,Rapeseed Oil,Russia,Crush,not_applicable,,,,,Rapeseed Oil,Russia,,,,,,,,,,,,False,False,,False,,,False,False,油脂/油粕不使用Crush；Crush属于上游油籽。
菜籽体系,Rapeseed Oil,Russia,Product Output,direct,AN24992,AN24992,RAPESEED OIL : World Supply and Demand Balance (1000 T),Commodity Section,Rapeseed Oil,Russia,Production,1,2,8,rows 4–29,Oct Sept 25/26F | Oct Sept 24/25 | Oct Sept 23/24 | Oct Sept 22/23 | Oct Sept 21/22,B:F,"G:M (Apr–Sept, Oct–Mar, Jan–Dec)",1000 T,1000 T,AN24992!B8:F8,False,False,explicit_forecast,False,,,True,True,
菜籽体系,Rapeseed Oil,Russia,Domestic Consumption,direct,AN24992,AN24992,RAPESEED OIL : World Supply and Demand Balance (1000 T),Commodity Section,Rapeseed Oil,Russia,Rapeseed oil Disappear.(a),1,84,88,rows 84–103,Oct Sept 25/26F | Oct Sept 24/25 | Oct Sept 23/24 | Oct Sept 22/23 | Oct Sept 21/22,B:F,"G:M (Apr–Sept, Oct–Mar, Jan–Dec)",1000 T,1000 T,AN24992!B88:F88,True,False,explicit_forecast,False,,,True,True,Disappearance经同表平衡关系核对后映射Domestic Consumption。
菜籽体系,Rapeseed Oil,Russia,Ending Stocks,missing,AN24992,AN24992,RAPESEED OIL : World Supply and Demand Balance (1000 T),Commodity Section,Rapeseed Oil,Russia,,,,,,,,,,,,False,False,,False,,,False,False,该指标章节没有该国家行；不得把缺行解释为0。
菜籽体系,Rapeseed Oil,Russia,Stocks/Use Ratio,missing,AN24992,AN24992,RAPESEED OIL : World Supply and Demand Balance (1000 T),Commodity Section,Rapeseed Oil,Russia,,,,,,,,,,,,False,False,,False,,,False,False,Ending Stocks或Disappearance缺行，比例无法构建。
菜籽体系,Rapeseed Oil,Russia,Area Harvested,not_applicable,,,,,Rapeseed Oil,Russia,,,,,,,,,,,,False,False,,False,,,False,False,该产品不适用上游作物的Area Harvested或Yield。
菜籽体系,Rapeseed Oil,Russia,Yield,not_applicable,,,,,Rapeseed Oil,Russia,,,,,,,,,,,,False,False,,False,,,False,False,该产品不适用上游作物的Area Harvested或Yield。
菜籽体系,Rapeseed Oil,Ukraine,Beginning Stocks,missing,AN24992,AN24992,RAPESEED OIL : World Supply and Demand Balance (1000 T),Commodity Section,Rapeseed Oil,Ukraine,,,,,,,,,,,,False,False,,False,,,False,False,Ending Stocks章节没有该国家完整行，不能顺延Beginning Stocks。
菜籽体系,Rapeseed Oil,Ukraine,Production,not_applicable,,,,,Rapeseed Oil,Ukraine,,,,,,,,,,,,False,False,,False,,,False,False,油脂/油粕统一使用Product Output；Production避免重复。
菜籽体系,Rapeseed Oil,Ukraine,Imports,missing,AN24992,AN24992,RAPESEED OIL : World Supply and Demand Balance (1000 T),Commodity Section,Rapeseed Oil,Ukraine,,,,,,,,,,,,False,False,,False,,,False,False,该指标章节没有该国家行；不得把缺行解释为0。
菜籽体系,Rapeseed Oil,Ukraine,Exports,direct,AN24992,AN24992,RAPESEED OIL : World Supply and Demand Balance (1000 T),Commodity Section,Rapeseed Oil,Ukraine,Rapeseed oil Exports,1,54,67,rows 54–83,Oct Sept 25/26F | Oct Sept 24/25 | Oct Sept 23/24 | Oct Sept 22/23 | Oct Sept 21/22,B:F,"G:M (Apr–Sept, Oct–Mar, Jan–Dec)",1000 T,1000 T,AN24992!B67:F67,False,False,explicit_forecast,False,,,True,True,
菜籽体系,Rapeseed Oil,Ukraine,Crush,not_applicable,,,,,Rapeseed Oil,Ukraine,,,,,,,,,,,,False,False,,False,,,False,False,油脂/油粕不使用Crush；Crush属于上游油籽。
菜籽体系,Rapeseed Oil,Ukraine,Product Output,direct,AN24992,AN24992,RAPESEED OIL : World Supply and Demand Balance (1000 T),Commodity Section,Rapeseed Oil,Ukraine,Production,1,2,9,rows 4–29,Oct Sept 25/26F | Oct Sept 24/25 | Oct Sept 23/24 | Oct Sept 22/23 | Oct Sept 21/22,B:F,"G:M (Apr–Sept, Oct–Mar, Jan–Dec)",1000 T,1000 T,AN24992!B9:F9,False,False,explicit_forecast,False,,,True,True,
菜籽体系,Rapeseed Oil,Ukraine,Domestic Consumption,missing,AN24992,AN24992,RAPESEED OIL : World Supply and Demand Balance (1000 T),Commodity Section,Rapeseed Oil,Ukraine,,,,,,,,,,,,False,False,,False,,,False,False,该指标章节没有该国家行；不得把缺行解释为0。
菜籽体系,Rapeseed Oil,Ukraine,Ending Stocks,missing,AN24992,AN24992,RAPESEED OIL : World Supply and Demand Balance (1000 T),Commodity Section,Rapeseed Oil,Ukraine,,,,,,,,,,,,False,False,,False,,,False,False,该指标章节没有该国家行；不得把缺行解释为0。
菜籽体系,Rapeseed Oil,Ukraine,Stocks/Use Ratio,missing,AN24992,AN24992,RAPESEED OIL : World Supply and Demand Balance (1000 T),Commodity Section,Rapeseed Oil,Ukraine,,,,,,,,,,,,False,False,,False,,,False,False,Ending Stocks或Disappearance缺行，比例无法构建。
菜籽体系,Rapeseed Oil,Ukraine,Area Harvested,not_applicable,,,,,Rapeseed Oil,Ukraine,,,,,,,,,,,,False,False,,False,,,False,False,该产品不适用上游作物的Area Harvested或Yield。
菜籽体系,Rapeseed Oil,Ukraine,Yield,not_applicable,,,,,Rapeseed Oil,Ukraine,,,,,,,,,,,,False,False,,False,,,False,False,该产品不适用上游作物的Area Harvested或Yield。
菜籽体系,Rapeseed Meal,Global,Beginning Stocks,direct,AN34992,AN34992,RAPESEED MEAL : World Supply and Demand Balance (1000 T),Commodity Section,Rapeseed Meal,Global,Open'g stocks,1,2,3,,Oct Sept 25/26F | Oct Sept 24/25 | Oct Sept 23/24 | Oct Sept 22/23 | Oct Sept 21/22,B:F,"G:M (Apr–Sept, Oct–Mar, Jan–Dec)",1000 T,1000 T,AN34992!B3:F3,False,False,explicit_forecast,False,,,True,True,
菜籽体系,Rapeseed Meal,Global,Production,not_applicable,,,,,Rapeseed Meal,Global,,,,,,,,,,,,False,False,,False,,,False,False,油脂/油粕统一使用Product Output；Production避免重复。
菜籽体系,Rapeseed Meal,Global,Imports,direct,AN34992,AN34992,RAPESEED MEAL : World Supply and Demand Balance (1000 T),Commodity Section,Rapeseed Meal,Global,Rapeseed meal Imports,1,22,36,rows 22–39,Oct Sept 25/26F | Oct Sept 24/25 | Oct Sept 23/24 | Oct Sept 22/23 | Oct Sept 21/22,B:F,"G:M (Apr–Sept, Oct–Mar, Jan–Dec)",1000 T,1000 T,AN34992!B36:F36,False,False,explicit_forecast,False,,,True,True,
菜籽体系,Rapeseed Meal,Global,Exports,direct,AN34992,AN34992,RAPESEED MEAL : World Supply and Demand Balance (1000 T),Commodity Section,Rapeseed Meal,Global,Rapeseed meal Exports,1,40,50,rows 40–53,Oct Sept 25/26F | Oct Sept 24/25 | Oct Sept 23/24 | Oct Sept 22/23 | Oct Sept 21/22,B:F,"G:M (Apr–Sept, Oct–Mar, Jan–Dec)",1000 T,1000 T,AN34992!B50:F50,False,False,explicit_forecast,False,,,True,True,
菜籽体系,Rapeseed Meal,Global,Crush,not_applicable,,,,,Rapeseed Meal,Global,,,,,,,,,,,,False,False,,False,,,False,False,油脂/油粕不使用Crush；Crush属于上游油籽。
菜籽体系,Rapeseed Meal,Global,Product Output,direct,AN34992,AN34992,RAPESEED MEAL : World Supply and Demand Balance (1000 T),Commodity Section,Rapeseed Meal,Global,Meal Output,1,2,18,rows 4–21,Oct Sept 25/26F | Oct Sept 24/25 | Oct Sept 23/24 | Oct Sept 22/23 | Oct Sept 21/22,B:F,"G:M (Apr–Sept, Oct–Mar, Jan–Dec)",1000 T,1000 T,AN34992!B18:F18,False,False,explicit_forecast,False,,,True,True,
菜籽体系,Rapeseed Meal,Global,Domestic Consumption,direct,AN34992,AN34992,RAPESEED MEAL : World Supply and Demand Balance (1000 T),Commodity Section,Rapeseed Meal,Global,Rapeseed meal Disappear.(a),1,54,70,rows 54–73,Oct Sept 25/26F | Oct Sept 24/25 | Oct Sept 23/24 | Oct Sept 22/23 | Oct Sept 21/22,B:F,"G:M (Apr–Sept, Oct–Mar, Jan–Dec)",1000 T,1000 T,AN34992!B70:F70,True,False,explicit_forecast,False,,,True,True,Disappearance通过同表总量平衡式核对后映射Domestic Consumption。
菜籽体系,Rapeseed Meal,Global,Ending Stocks,direct,AN34992,AN34992,RAPESEED MEAL : World Supply and Demand Balance (1000 T),Commodity Section,Rapeseed Meal,Global,Rapeseed meal Ending stocks,1,74,80,rows 74–80,Oct Sept 25/26F | Oct Sept 24/25 | Oct Sept 23/24 | Oct Sept 22/23 | Oct Sept 21/22,B:F,"G:M (Apr–Sept, Oct–Mar, Jan–Dec)",1000 T,1000 T,AN34992!B80:F80,False,False,explicit_forecast,False,,,True,True,
菜籽体系,Rapeseed Meal,Global,Stocks/Use Ratio,conflict,AN34992,AN34992,RAPESEED MEAL : World Supply and Demand Balance (1000 T),Commodity Section,Rapeseed Meal,Global,,,,,,,,,,,,False,False,,False,,,False,False,原表未直接公布Stocks/Use；Disappearance带脚注(a)，现有文件未提供完整分母定义，暂不派生。
菜籽体系,Rapeseed Meal,Global,Area Harvested,not_applicable,,,,,Rapeseed Meal,Global,,,,,,,,,,,,False,False,,False,,,False,False,该产品不适用上游作物的Area Harvested或Yield。
菜籽体系,Rapeseed Meal,Global,Yield,not_applicable,,,,,Rapeseed Meal,Global,,,,,,,,,,,,False,False,,False,,,False,False,该产品不适用上游作物的Area Harvested或Yield。
菜籽体系,Rapeseed Meal,Canada,Beginning Stocks,derived,AN34992,AN34992,RAPESEED MEAL : World Supply and Demand Balance (1000 T),Commodity Section,Rapeseed Meal,Canada,prior-year Ending stocks,1,74,76,Ending Stocks rows 74–80,25/26F | 24/25 | 23/24 | 22/23,derived from C:F of Ending Stocks,G:M,1000 T,1000 T,AN34992!C76:F76,False,False,explicit_forecast,True,Beginning Stocks(t) = Ending Stocks(t-1),AN34992 Ending Stocks row 76,True,True,仅对同一Oct–Sept序列顺延；不使用Jan–Dec国家表。
菜籽体系,Rapeseed Meal,Canada,Production,not_applicable,,,,,Rapeseed Meal,Canada,,,,,,,,,,,,False,False,,False,,,False,False,油脂/油粕统一使用Product Output；Production避免重复。
菜籽体系,Rapeseed Meal,Canada,Imports,missing,AN34992,AN34992,RAPESEED MEAL : World Supply and Demand Balance (1000 T),Commodity Section,Rapeseed Meal,Canada,,,,,,,,,,,,False,False,,False,,,False,False,该指标章节没有该国家行；不得把缺行解释为0。
菜籽体系,Rapeseed Meal,Canada,Exports,direct,AN34992,AN34992,RAPESEED MEAL : World Supply and Demand Balance (1000 T),Commodity Section,Rapeseed Meal,Canada,Rapeseed meal Exports,1,40,46,rows 40–53,Oct Sept 25/26F | Oct Sept 24/25 | Oct Sept 23/24 | Oct Sept 22/23 | Oct Sept 21/22,B:F,"G:M (Apr–Sept, Oct–Mar, Jan–Dec)",1000 T,1000 T,AN34992!B46:F46,False,False,explicit_forecast,False,,,True,True,
菜籽体系,Rapeseed Meal,Canada,Crush,not_applicable,,,,,Rapeseed Meal,Canada,,,,,,,,,,,,False,False,,False,,,False,False,油脂/油粕不使用Crush；Crush属于上游油籽。
菜籽体系,Rapeseed Meal,Canada,Product Output,direct,AN34992,AN34992,RAPESEED MEAL : World Supply and Demand Balance (1000 T),Commodity Section,Rapeseed Meal,Canada,Meal Output,1,2,8,rows 4–21,Oct Sept 25/26F | Oct Sept 24/25 | Oct Sept 23/24 | Oct Sept 22/23 | Oct Sept 21/22,B:F,"G:M (Apr–Sept, Oct–Mar, Jan–Dec)",1000 T,1000 T,AN34992!B8:F8,False,False,explicit_forecast,False,,,True,True,
菜籽体系,Rapeseed Meal,Canada,Domestic Consumption,direct,AN34992,AN34992,RAPESEED MEAL : World Supply and Demand Balance (1000 T),Commodity Section,Rapeseed Meal,Canada,Rapeseed meal Disappear.(a),1,54,58,rows 54–73,Oct Sept 25/26F | Oct Sept 24/25 | Oct Sept 23/24 | Oct Sept 22/23 | Oct Sept 21/22,B:F,"G:M (Apr–Sept, Oct–Mar, Jan–Dec)",1000 T,1000 T,AN34992!B58:F58,True,False,explicit_forecast,False,,,True,True,Disappearance经同表平衡关系核对后映射Domestic Consumption。
菜籽体系,Rapeseed Meal,Canada,Ending Stocks,direct,AN34992,AN34992,RAPESEED MEAL : World Supply and Demand Balance (1000 T),Commodity Section,Rapeseed Meal,Canada(d),Rapeseed meal Ending stocks,1,74,76,rows 74–80,Oct Sept 25/26F | Oct Sept 24/25 | Oct Sept 23/24 | Oct Sept 22/23 | Oct Sept 21/22,B:F,"G:M (Apr–Sept, Oct–Mar, Jan–Dec)",1000 T,1000 T,AN34992!B76:F76,True,False,explicit_forecast,False,,,True,True,
菜籽体系,Rapeseed Meal,Canada,Stocks/Use Ratio,conflict,AN34992,AN34992,RAPESEED MEAL : World Supply and Demand Balance (1000 T),Commodity Section,Rapeseed Meal,Canada,,,,,,,,,,,,False,False,,False,,,False,False,原表未直接公布比例；Disappearance脚注(a)定义未在现有文件中完整找到，暂不建议派生。
菜籽体系,Rapeseed Meal,Canada,Area Harvested,not_applicable,,,,,Rapeseed Meal,Canada,,,,,,,,,,,,False,False,,False,,,False,False,该产品不适用上游作物的Area Harvested或Yield。
菜籽体系,Rapeseed Meal,Canada,Yield,not_applicable,,,,,Rapeseed Meal,Canada,,,,,,,,,,,,False,False,,False,,,False,False,该产品不适用上游作物的Area Harvested或Yield。
菜籽体系,Rapeseed Meal,European Union,Beginning Stocks,missing,AN34992,AN34992,RAPESEED MEAL : World Supply and Demand Balance (1000 T),Commodity Section,Rapeseed Meal,European Union,,,,,,,,,,,,False,False,,False,,,False,False,Ending Stocks章节没有该国家完整行，不能顺延Beginning Stocks。
菜籽体系,Rapeseed Meal,European Union,Production,not_applicable,,,,,Rapeseed Meal,European Union,,,,,,,,,,,,False,False,,False,,,False,False,油脂/油粕统一使用Product Output；Production避免重复。
菜籽体系,Rapeseed Meal,European Union,Imports,direct,AN34992,AN34992,RAPESEED MEAL : World Supply and Demand Balance (1000 T),Commodity Section,Rapeseed Meal,EU-27(b),Rapeseed meal Imports,1,22,23,rows 22–39,Oct Sept 25/26F | Oct Sept 24/25 | Oct Sept 23/24 | Oct Sept 22/23 | Oct Sept 21/22,B:F,"G:M (Apr–Sept, Oct–Mar, Jan–Dec)",1000 T,1000 T,AN34992!B23:F23,True,False,explicit_forecast,False,,,True,True,
菜籽体系,Rapeseed Meal,European Union,Exports,direct,AN34992,AN34992,RAPESEED MEAL : World Supply and Demand Balance (1000 T),Commodity Section,Rapeseed Meal,EU-27(b),Rapeseed meal Exports,1,40,41,rows 40–53,Oct Sept 25/26F | Oct Sept 24/25 | Oct Sept 23/24 | Oct Sept 22/23 | Oct Sept 21/22,B:F,"G:M (Apr–Sept, Oct–Mar, Jan–Dec)",1000 T,1000 T,AN34992!B41:F41,True,False,explicit_forecast,False,,,True,True,
菜籽体系,Rapeseed Meal,European Union,Crush,not_applicable,,,,,Rapeseed Meal,European Union,,,,,,,,,,,,False,False,,False,,,False,False,油脂/油粕不使用Crush；Crush属于上游油籽。
菜籽体系,Rapeseed Meal,European Union,Product Output,direct,AN34992,AN34992,RAPESEED MEAL : World Supply and Demand Balance (1000 T),Commodity Section,Rapeseed Meal,EU-27,Meal Output,1,2,5,rows 4–21,Oct Sept 25/26F | Oct Sept 24/25 | Oct Sept 23/24 | Oct Sept 22/23 | Oct Sept 21/22,B:F,"G:M (Apr–Sept, Oct–Mar, Jan–Dec)",1000 T,1000 T,AN34992!B5:F5,False,False,explicit_forecast,False,,,True,True,
菜籽体系,Rapeseed Meal,European Union,Domestic Consumption,direct,AN34992,AN34992,RAPESEED MEAL : World Supply and Demand Balance (1000 T),Commodity Section,Rapeseed Meal,EU-27,Rapeseed meal Disappear.(a),1,54,55,rows 54–73,Oct Sept 25/26F | Oct Sept 24/25 | Oct Sept 23/24 | Oct Sept 22/23 | Oct Sept 21/22,B:F,"G:M (Apr–Sept, Oct–Mar, Jan–Dec)",1000 T,1000 T,AN34992!B55:F55,True,False,explicit_forecast,False,,,True,True,Disappearance经同表平衡关系核对后映射Domestic Consumption。
菜籽体系,Rapeseed Meal,European Union,Ending Stocks,missing,AN34992,AN34992,RAPESEED MEAL : World Supply and Demand Balance (1000 T),Commodity Section,Rapeseed Meal,European Union,,,,,,,,,,,,False,False,,False,,,False,False,该指标章节没有该国家行；不得把缺行解释为0。
菜籽体系,Rapeseed Meal,European Union,Stocks/Use Ratio,missing,AN34992,AN34992,RAPESEED MEAL : World Supply and Demand Balance (1000 T),Commodity Section,Rapeseed Meal,European Union,,,,,,,,,,,,False,False,,False,,,False,False,Ending Stocks或Disappearance缺行，比例无法构建。
菜籽体系,Rapeseed Meal,European Union,Area Harvested,not_applicable,,,,,Rapeseed Meal,European Union,,,,,,,,,,,,False,False,,False,,,False,False,该产品不适用上游作物的Area Harvested或Yield。
菜籽体系,Rapeseed Meal,European Union,Yield,not_applicable,,,,,Rapeseed Meal,European Union,,,,,,,,,,,,False,False,,False,,,False,False,该产品不适用上游作物的Area Harvested或Yield。
菜籽体系,Rapeseed Meal,Australia,Beginning Stocks,missing,AN34992,AN34992,RAPESEED MEAL : World Supply and Demand Balance (1000 T),Commodity Section,Rapeseed Meal,Australia,,,,,,,,,,,,False,False,,False,,,False,False,Ending Stocks章节没有该国家完整行，不能顺延Beginning Stocks。
菜籽体系,Rapeseed Meal,Australia,Production,not_applicable,,,,,Rapeseed Meal,Australia,,,,,,,,,,,,False,False,,False,,,False,False,油脂/油粕统一使用Product Output；Production避免重复。
菜籽体系,Rapeseed Meal,Australia,Imports,missing,AN34992,AN34992,RAPESEED MEAL : World Supply and Demand Balance (1000 T),Commodity Section,Rapeseed Meal,Australia,,,,,,,,,,,,False,False,,False,,,False,False,该指标章节没有该国家行；不得把缺行解释为0。
菜籽体系,Rapeseed Meal,Australia,Exports,missing,AN34992,AN34992,RAPESEED MEAL : World Supply and Demand Balance (1000 T),Commodity Section,Rapeseed Meal,Australia,,,,,,,,,,,,False,False,,False,,,False,False,该指标章节没有该国家行；不得把缺行解释为0。
菜籽体系,Rapeseed Meal,Australia,Crush,not_applicable,,,,,Rapeseed Meal,Australia,,,,,,,,,,,,False,False,,False,,,False,False,油脂/油粕不使用Crush；Crush属于上游油籽。
菜籽体系,Rapeseed Meal,Australia,Product Output,direct,AN34992,AN34992,RAPESEED MEAL : World Supply and Demand Balance (1000 T),Commodity Section,Rapeseed Meal,Australia,Meal Output,1,2,16,rows 4–21,Oct Sept 25/26F | Oct Sept 24/25 | Oct Sept 23/24 | Oct Sept 22/23 | Oct Sept 21/22,B:F,"G:M (Apr–Sept, Oct–Mar, Jan–Dec)",1000 T,1000 T,AN34992!B16:F16,False,False,explicit_forecast,False,,,True,True,
菜籽体系,Rapeseed Meal,Australia,Domestic Consumption,direct,AN34992,AN34992,RAPESEED MEAL : World Supply and Demand Balance (1000 T),Commodity Section,Rapeseed Meal,Australia,Rapeseed meal Disappear.(a),1,54,68,rows 54–73,Oct Sept 25/26F | Oct Sept 24/25 | Oct Sept 23/24 | Oct Sept 22/23 | Oct Sept 21/22,B:F,"G:M (Apr–Sept, Oct–Mar, Jan–Dec)",1000 T,1000 T,AN34992!B68:F68,True,False,explicit_forecast,False,,,True,True,Disappearance经同表平衡关系核对后映射Domestic Consumption。
菜籽体系,Rapeseed Meal,Australia,Ending Stocks,missing,AN34992,AN34992,RAPESEED MEAL : World Supply and Demand Balance (1000 T),Commodity Section,Rapeseed Meal,Australia,,,,,,,,,,,,False,False,,False,,,False,False,该指标章节没有该国家行；不得把缺行解释为0。
菜籽体系,Rapeseed Meal,Australia,Stocks/Use Ratio,missing,AN34992,AN34992,RAPESEED MEAL : World Supply and Demand Balance (1000 T),Commodity Section,Rapeseed Meal,Australia,,,,,,,,,,,,False,False,,False,,,False,False,Ending Stocks或Disappearance缺行，比例无法构建。
菜籽体系,Rapeseed Meal,Australia,Area Harvested,not_applicable,,,,,Rapeseed Meal,Australia,,,,,,,,,,,,False,False,,False,,,False,False,该产品不适用上游作物的Area Harvested或Yield。
菜籽体系,Rapeseed Meal,Australia,Yield,not_applicable,,,,,Rapeseed Meal,Australia,,,,,,,,,,,,False,False,,False,,,False,False,该产品不适用上游作物的Area Harvested或Yield。
菜籽体系,Rapeseed Meal,China,Beginning Stocks,missing,AN34992,AN34992,RAPESEED MEAL : World Supply and Demand Balance (1000 T),Commodity Section,Rapeseed Meal,China,,,,,,,,,,,,False,False,,False,,,False,False,Ending Stocks章节没有该国家完整行，不能顺延Beginning Stocks。
菜籽体系,Rapeseed Meal,China,Production,not_applicable,,,,,Rapeseed Meal,China,,,,,,,,,,,,False,False,,False,,,False,False,油脂/油粕统一使用Product Output；Production避免重复。
菜籽体系,Rapeseed Meal,China,Imports,direct,AN34992,AN34992,RAPESEED MEAL : World Supply and Demand Balance (1000 T),Commodity Section,Rapeseed Meal,"China,PR",Rapeseed meal Imports,1,22,28,rows 22–39,Oct Sept 25/26F | Oct Sept 24/25 | Oct Sept 23/24 | Oct Sept 22/23 | Oct Sept 21/22,B:F,"G:M (Apr–Sept, Oct–Mar, Jan–Dec)",1000 T,1000 T,AN34992!B28:F28,False,False,explicit_forecast,False,,,True,True,
菜籽体系,Rapeseed Meal,China,Exports,missing,AN34992,AN34992,RAPESEED MEAL : World Supply and Demand Balance (1000 T),Commodity Section,Rapeseed Meal,China,,,,,,,,,,,,False,False,,False,,,False,False,该指标章节没有该国家行；不得把缺行解释为0。
菜籽体系,Rapeseed Meal,China,Crush,not_applicable,,,,,Rapeseed Meal,China,,,,,,,,,,,,False,False,,False,,,False,False,油脂/油粕不使用Crush；Crush属于上游油籽。
菜籽体系,Rapeseed Meal,China,Product Output,direct,AN34992,AN34992,RAPESEED MEAL : World Supply and Demand Balance (1000 T),Commodity Section,Rapeseed Meal,"China,PR",Meal Output,1,2,11,rows 4–21,Oct Sept 25/26F | Oct Sept 24/25 | Oct Sept 23/24 | Oct Sept 22/23 | Oct Sept 21/22,B:F,"G:M (Apr–Sept, Oct–Mar, Jan–Dec)",1000 T,1000 T,AN34992!B11:F11,False,False,explicit_forecast,False,,,True,True,
菜籽体系,Rapeseed Meal,China,Domestic Consumption,direct,AN34992,AN34992,RAPESEED MEAL : World Supply and Demand Balance (1000 T),Commodity Section,Rapeseed Meal,"China,PR",Rapeseed meal Disappear.(a),1,54,62,rows 54–73,Oct Sept 25/26F | Oct Sept 24/25 | Oct Sept 23/24 | Oct Sept 22/23 | Oct Sept 21/22,B:F,"G:M (Apr–Sept, Oct–Mar, Jan–Dec)",1000 T,1000 T,AN34992!B62:F62,True,False,explicit_forecast,False,,,True,True,Disappearance经同表平衡关系核对后映射Domestic Consumption。
菜籽体系,Rapeseed Meal,China,Ending Stocks,missing,AN34992,AN34992,RAPESEED MEAL : World Supply and Demand Balance (1000 T),Commodity Section,Rapeseed Meal,China,,,,,,,,,,,,False,False,,False,,,False,False,该指标章节没有该国家行；不得把缺行解释为0。
菜籽体系,Rapeseed Meal,China,Stocks/Use Ratio,missing,AN34992,AN34992,RAPESEED MEAL : World Supply and Demand Balance (1000 T),Commodity Section,Rapeseed Meal,China,,,,,,,,,,,,False,False,,False,,,False,False,Ending Stocks或Disappearance缺行，比例无法构建。
菜籽体系,Rapeseed Meal,China,Area Harvested,not_applicable,,,,,Rapeseed Meal,China,,,,,,,,,,,,False,False,,False,,,False,False,该产品不适用上游作物的Area Harvested或Yield。
菜籽体系,Rapeseed Meal,China,Yield,not_applicable,,,,,Rapeseed Meal,China,,,,,,,,,,,,False,False,,False,,,False,False,该产品不适用上游作物的Area Harvested或Yield。
菜籽体系,Rapeseed Meal,Russia,Beginning Stocks,missing,AN34992,AN34992,RAPESEED MEAL : World Supply and Demand Balance (1000 T),Commodity Section,Rapeseed Meal,Russia,,,,,,,,,,,,False,False,,False,,,False,False,Ending Stocks章节没有该国家完整行，不能顺延Beginning Stocks。
菜籽体系,Rapeseed Meal,Russia,Production,not_applicable,,,,,Rapeseed Meal,Russia,,,,,,,,,,,,False,False,,False,,,False,False,油脂/油粕统一使用Product Output；Production避免重复。
菜籽体系,Rapeseed Meal,Russia,Imports,missing,AN34992,AN34992,RAPESEED MEAL : World Supply and Demand Balance (1000 T),Commodity Section,Rapeseed Meal,Russia,,,,,,,,,,,,False,False,,False,,,False,False,该指标章节没有该国家行；不得把缺行解释为0。
菜籽体系,Rapeseed Meal,Russia,Exports,direct,AN34992,AN34992,RAPESEED MEAL : World Supply and Demand Balance (1000 T),Commodity Section,Rapeseed Meal,Russia,Rapeseed meal Exports,1,40,44,rows 40–53,Oct Sept 25/26F | Oct Sept 24/25 | Oct Sept 23/24 | Oct Sept 22/23 | Oct Sept 21/22,B:F,"G:M (Apr–Sept, Oct–Mar, Jan–Dec)",1000 T,1000 T,AN34992!B44:F44,False,False,explicit_forecast,False,,,True,True,
菜籽体系,Rapeseed Meal,Russia,Crush,not_applicable,,,,,Rapeseed Meal,Russia,,,,,,,,,,,,False,False,,False,,,False,False,油脂/油粕不使用Crush；Crush属于上游油籽。
菜籽体系,Rapeseed Meal,Russia,Product Output,direct,AN34992,AN34992,RAPESEED MEAL : World Supply and Demand Balance (1000 T),Commodity Section,Rapeseed Meal,Russia,Meal Output,1,2,7,rows 4–21,Oct Sept 25/26F | Oct Sept 24/25 | Oct Sept 23/24 | Oct Sept 22/23 | Oct Sept 21/22,B:F,"G:M (Apr–Sept, Oct–Mar, Jan–Dec)",1000 T,1000 T,AN34992!B7:F7,False,False,explicit_forecast,False,,,True,True,
菜籽体系,Rapeseed Meal,Russia,Domestic Consumption,direct,AN34992,AN34992,RAPESEED MEAL : World Supply and Demand Balance (1000 T),Commodity Section,Rapeseed Meal,Russia,Rapeseed meal Disappear.(a),1,54,57,rows 54–73,Oct Sept 25/26F | Oct Sept 24/25 | Oct Sept 23/24 | Oct Sept 22/23 | Oct Sept 21/22,B:F,"G:M (Apr–Sept, Oct–Mar, Jan–Dec)",1000 T,1000 T,AN34992!B57:F57,True,False,explicit_forecast,False,,,True,True,Disappearance经同表平衡关系核对后映射Domestic Consumption。
菜籽体系,Rapeseed Meal,Russia,Ending Stocks,missing,AN34992,AN34992,RAPESEED MEAL : World Supply and Demand Balance (1000 T),Commodity Section,Rapeseed Meal,Russia,,,,,,,,,,,,False,False,,False,,,False,False,该指标章节没有该国家行；不得把缺行解释为0。
菜籽体系,Rapeseed Meal,Russia,Stocks/Use Ratio,missing,AN34992,AN34992,RAPESEED MEAL : World Supply and Demand Balance (1000 T),Commodity Section,Rapeseed Meal,Russia,,,,,,,,,,,,False,False,,False,,,False,False,Ending Stocks或Disappearance缺行，比例无法构建。
菜籽体系,Rapeseed Meal,Russia,Area Harvested,not_applicable,,,,,Rapeseed Meal,Russia,,,,,,,,,,,,False,False,,False,,,False,False,该产品不适用上游作物的Area Harvested或Yield。
菜籽体系,Rapeseed Meal,Russia,Yield,not_applicable,,,,,Rapeseed Meal,Russia,,,,,,,,,,,,False,False,,False,,,False,False,该产品不适用上游作物的Area Harvested或Yield。
菜籽体系,Rapeseed Meal,Ukraine,Beginning Stocks,missing,AN34992,AN34992,RAPESEED MEAL : World Supply and Demand Balance (1000 T),Commodity Section,Rapeseed Meal,Ukraine,,,,,,,,,,,,False,False,,False,,,False,False,Ending Stocks章节没有该国家完整行，不能顺延Beginning Stocks。
菜籽体系,Rapeseed Meal,Ukraine,Production,not_applicable,,,,,Rapeseed Meal,Ukraine,,,,,,,,,,,,False,False,,False,,,False,False,油脂/油粕统一使用Product Output；Production避免重复。
菜籽体系,Rapeseed Meal,Ukraine,Imports,missing,AN34992,AN34992,RAPESEED MEAL : World Supply and Demand Balance (1000 T),Commodity Section,Rapeseed Meal,Ukraine,,,,,,,,,,,,False,False,,False,,,False,False,该指标章节没有该国家行；不得把缺行解释为0。
菜籽体系,Rapeseed Meal,Ukraine,Exports,direct,AN34992,AN34992,RAPESEED MEAL : World Supply and Demand Balance (1000 T),Commodity Section,Rapeseed Meal,Ukraine,Rapeseed meal Exports,1,40,45,rows 40–53,Oct Sept 25/26F | Oct Sept 24/25 | Oct Sept 23/24 | Oct Sept 22/23 | Oct Sept 21/22,B:F,"G:M (Apr–Sept, Oct–Mar, Jan–Dec)",1000 T,1000 T,AN34992!B45:F45,False,False,explicit_forecast,False,,,True,True,
菜籽体系,Rapeseed Meal,Ukraine,Crush,not_applicable,,,,,Rapeseed Meal,Ukraine,,,,,,,,,,,,False,False,,False,,,False,False,油脂/油粕不使用Crush；Crush属于上游油籽。
菜籽体系,Rapeseed Meal,Ukraine,Product Output,missing,AN34992,AN34992,RAPESEED MEAL : World Supply and Demand Balance (1000 T),Commodity Section,Rapeseed Meal,Ukraine,,,,,,,,,,,,False,False,,False,,,False,False,该指标章节没有该国家行；不得把缺行解释为0。
菜籽体系,Rapeseed Meal,Ukraine,Domestic Consumption,missing,AN34992,AN34992,RAPESEED MEAL : World Supply and Demand Balance (1000 T),Commodity Section,Rapeseed Meal,Ukraine,,,,,,,,,,,,False,False,,False,,,False,False,该指标章节没有该国家行；不得把缺行解释为0。
菜籽体系,Rapeseed Meal,Ukraine,Ending Stocks,missing,AN34992,AN34992,RAPESEED MEAL : World Supply and Demand Balance (1000 T),Commodity Section,Rapeseed Meal,Ukraine,,,,,,,,,,,,False,False,,False,,,False,False,该指标章节没有该国家行；不得把缺行解释为0。
菜籽体系,Rapeseed Meal,Ukraine,Stocks/Use Ratio,missing,AN34992,AN34992,RAPESEED MEAL : World Supply and Demand Balance (1000 T),Commodity Section,Rapeseed Meal,Ukraine,,,,,,,,,,,,False,False,,False,,,False,False,Ending Stocks或Disappearance缺行，比例无法构建。
菜籽体系,Rapeseed Meal,Ukraine,Area Harvested,not_applicable,,,,,Rapeseed Meal,Ukraine,,,,,,,,,,,,False,False,,False,,,False,False,该产品不适用上游作物的Area Harvested或Yield。
菜籽体系,Rapeseed Meal,Ukraine,Yield,not_applicable,,,,,Rapeseed Meal,Ukraine,,,,,,,,,,,,False,False,,False,,,False,False,该产品不适用上游作物的Area Harvested或Yield。
葵花体系,Sunflower Oil,Global,Beginning Stocks,direct,AN24792,AN24792,SUNFLOWER OIL : World Supply and Demand Balance (1000 T),Commodity Section,Sunflower Oil,Global,Open'g stocks,1,2,3,,Oct Sept 25/26F | Oct Sept 24/25 | Oct Sept 23/24 | Oct Sept 22/23 | Oct Sept 21/22,B:F,"G:M (Apr–Sept, Oct–Mar, Jan–Dec)",1000 T,1000 T,AN24792!B3:F3,False,False,explicit_forecast,False,,,True,True,
葵花体系,Sunflower Oil,Global,Production,not_applicable,,,,,Sunflower Oil,Global,,,,,,,,,,,,False,False,,False,,,False,False,油脂/油粕统一使用Product Output；Production避免重复。
葵花体系,Sunflower Oil,Global,Imports,direct,AN24792,AN24792,SUNFLOWER OIL : World Supply and Demand Balance (1000 T),Commodity Section,Sunflower Oil,Global,Sunfloweroil Imports,1,25,66,rows 25–69,Oct Sept 25/26F | Oct Sept 24/25 | Oct Sept 23/24 | Oct Sept 22/23 | Oct Sept 21/22,B:F,"G:M (Apr–Sept, Oct–Mar, Jan–Dec)",1000 T,1000 T,AN24792!B66:F66,False,False,explicit_forecast,False,,,True,True,
葵花体系,Sunflower Oil,Global,Exports,direct,AN24792,AN24792,SUNFLOWER OIL : World Supply and Demand Balance (1000 T),Commodity Section,Sunflower Oil,Global,Sunfloweroil Exports,1,70,99,rows 70–102,Oct Sept 25/26F | Oct Sept 24/25 | Oct Sept 23/24 | Oct Sept 22/23 | Oct Sept 21/22,B:F,"G:M (Apr–Sept, Oct–Mar, Jan–Dec)",1000 T,1000 T,AN24792!B99:F99,False,False,explicit_forecast,False,,,True,True,
葵花体系,Sunflower Oil,Global,Crush,not_applicable,,,,,Sunflower Oil,Global,,,,,,,,,,,,False,False,,False,,,False,False,油脂/油粕不使用Crush；Crush属于上游油籽。
葵花体系,Sunflower Oil,Global,Product Output,direct,AN24792,AN24792,SUNFLOWER OIL : World Supply and Demand Balance (1000 T),Commodity Section,Sunflower Oil,Global,Production,1,2,21,rows 4–24,Oct Sept 25/26F | Oct Sept 24/25 | Oct Sept 23/24 | Oct Sept 22/23 | Oct Sept 21/22,B:F,"G:M (Apr–Sept, Oct–Mar, Jan–Dec)",1000 T,1000 T,AN24792!B21:F21,False,False,explicit_forecast,False,,,True,True,
葵花体系,Sunflower Oil,Global,Domestic Consumption,direct,AN24792,AN24792,SUNFLOWER OIL : World Supply and Demand Balance (1000 T),Commodity Section,Sunflower Oil,Global,Sunfloweroil Disappear.(a),1,103,132,rows 103–135,Oct Sept 25/26F | Oct Sept 24/25 | Oct Sept 23/24 | Oct Sept 22/23 | Oct Sept 21/22,B:F,"G:M (Apr–Sept, Oct–Mar, Jan–Dec)",1000 T,1000 T,AN24792!B132:F132,True,False,explicit_forecast,False,,,True,True,Disappearance通过同表总量平衡式核对后映射Domestic Consumption。
葵花体系,Sunflower Oil,Global,Ending Stocks,direct,AN24792,AN24792,SUNFLOWER OIL : World Supply and Demand Balance (1000 T),Commodity Section,Sunflower Oil,Global,Sunfloweroil Ending stocks,1,136,150,rows 136–150,Oct Sept 25/26F | Oct Sept 24/25 | Oct Sept 23/24 | Oct Sept 22/23 | Oct Sept 21/22,B:F,"G:M (Apr–Sept, Oct–Mar, Jan–Dec)",1000 T,1000 T,AN24792!B150:F150,False,False,explicit_forecast,False,,,True,True,
葵花体系,Sunflower Oil,Global,Stocks/Use Ratio,conflict,AN24792,AN24792,SUNFLOWER OIL : World Supply and Demand Balance (1000 T),Commodity Section,Sunflower Oil,Global,,,,,,,,,,,,False,False,,False,,,False,False,原表未直接公布Stocks/Use；Disappearance带脚注(a)，现有文件未提供完整分母定义，暂不派生。
葵花体系,Sunflower Oil,Global,Area Harvested,not_applicable,,,,,Sunflower Oil,Global,,,,,,,,,,,,False,False,,False,,,False,False,该产品不适用上游作物的Area Harvested或Yield。
葵花体系,Sunflower Oil,Global,Yield,not_applicable,,,,,Sunflower Oil,Global,,,,,,,,,,,,False,False,,False,,,False,False,该产品不适用上游作物的Area Harvested或Yield。
葵花体系,Sunflower Oil,Russia,Beginning Stocks,derived,AN24792,AN24792,SUNFLOWER OIL : World Supply and Demand Balance (1000 T),Commodity Section,Sunflower Oil,Russia,prior-year Ending stocks,1,136,139,Ending Stocks rows 136–150,25/26F | 24/25 | 23/24 | 22/23,derived from C:F of Ending Stocks,G:M,1000 T,1000 T,AN24792!C139:F139,False,False,explicit_forecast,True,Beginning Stocks(t) = Ending Stocks(t-1),AN24792 Ending Stocks row 139,True,True,仅对同一Oct–Sept序列顺延；不使用Jan–Dec国家表。
葵花体系,Sunflower Oil,Russia,Production,not_applicable,,,,,Sunflower Oil,Russia,,,,,,,,,,,,False,False,,False,,,False,False,油脂/油粕统一使用Product Output；Production避免重复。
葵花体系,Sunflower Oil,Russia,Imports,missing,AN24792,AN24792,SUNFLOWER OIL : World Supply and Demand Balance (1000 T),Commodity Section,Sunflower Oil,Russia,,,,,,,,,,,,False,False,,False,,,False,False,该国家行缺少连续两个完整市场年度有效值；空白不得按0。
葵花体系,Sunflower Oil,Russia,Exports,direct,AN24792,AN24792,SUNFLOWER OIL : World Supply and Demand Balance (1000 T),Commodity Section,Sunflower Oil,Russia,Sunfloweroil Exports,1,70,83,rows 70–102,Oct Sept 25/26F | Oct Sept 24/25 | Oct Sept 23/24 | Oct Sept 22/23 | Oct Sept 21/22,B:F,"G:M (Apr–Sept, Oct–Mar, Jan–Dec)",1000 T,1000 T,AN24792!B83:F83,False,False,explicit_forecast,False,,,True,True,
葵花体系,Sunflower Oil,Russia,Crush,not_applicable,,,,,Sunflower Oil,Russia,,,,,,,,,,,,False,False,,False,,,False,False,油脂/油粕不使用Crush；Crush属于上游油籽。
葵花体系,Sunflower Oil,Russia,Product Output,direct,AN24792,AN24792,SUNFLOWER OIL : World Supply and Demand Balance (1000 T),Commodity Section,Sunflower Oil,Russia,Production,1,2,8,rows 4–24,Oct Sept 25/26F | Oct Sept 24/25 | Oct Sept 23/24 | Oct Sept 22/23 | Oct Sept 21/22,B:F,"G:M (Apr–Sept, Oct–Mar, Jan–Dec)",1000 T,1000 T,AN24792!B8:F8,False,False,explicit_forecast,False,,,True,True,
葵花体系,Sunflower Oil,Russia,Domestic Consumption,direct,AN24792,AN24792,SUNFLOWER OIL : World Supply and Demand Balance (1000 T),Commodity Section,Sunflower Oil,Russia,Sunfloweroil Disappear.(a),1,103,107,rows 103–135,Oct Sept 25/26F | Oct Sept 24/25 | Oct Sept 23/24 | Oct Sept 22/23 | Oct Sept 21/22,B:F,"G:M (Apr–Sept, Oct–Mar, Jan–Dec)",1000 T,1000 T,AN24792!B107:F107,True,False,explicit_forecast,False,,,True,True,Disappearance经同表平衡关系核对后映射Domestic Consumption。
葵花体系,Sunflower Oil,Russia,Ending Stocks,direct,AN24792,AN24792,SUNFLOWER OIL : World Supply and Demand Balance (1000 T),Commodity Section,Sunflower Oil,Russia,Sunfloweroil Ending stocks,1,136,139,rows 136–150,Oct Sept 25/26F | Oct Sept 24/25 | Oct Sept 23/24 | Oct Sept 22/23 | Oct Sept 21/22,B:F,"G:M (Apr–Sept, Oct–Mar, Jan–Dec)",1000 T,1000 T,AN24792!B139:F139,False,False,explicit_forecast,False,,,True,True,
葵花体系,Sunflower Oil,Russia,Stocks/Use Ratio,conflict,AN24792,AN24792,SUNFLOWER OIL : World Supply and Demand Balance (1000 T),Commodity Section,Sunflower Oil,Russia,,,,,,,,,,,,False,False,,False,,,False,False,原表未直接公布比例；Disappearance脚注(a)定义未在现有文件中完整找到，暂不建议派生。
葵花体系,Sunflower Oil,Russia,Area Harvested,not_applicable,,,,,Sunflower Oil,Russia,,,,,,,,,,,,False,False,,False,,,False,False,该产品不适用上游作物的Area Harvested或Yield。
葵花体系,Sunflower Oil,Russia,Yield,not_applicable,,,,,Sunflower Oil,Russia,,,,,,,,,,,,False,False,,False,,,False,False,该产品不适用上游作物的Area Harvested或Yield。
葵花体系,Sunflower Oil,Ukraine,Beginning Stocks,derived,AN24792,AN24792,SUNFLOWER OIL : World Supply and Demand Balance (1000 T),Commodity Section,Sunflower Oil,Ukraine,prior-year Ending stocks,1,136,140,Ending Stocks rows 136–150,25/26F | 24/25 | 23/24 | 22/23,derived from C:F of Ending Stocks,G:M,1000 T,1000 T,AN24792!C140:F140,False,False,explicit_forecast,True,Beginning Stocks(t) = Ending Stocks(t-1),AN24792 Ending Stocks row 140,True,True,仅对同一Oct–Sept序列顺延；不使用Jan–Dec国家表。
葵花体系,Sunflower Oil,Ukraine,Production,not_applicable,,,,,Sunflower Oil,Ukraine,,,,,,,,,,,,False,False,,False,,,False,False,油脂/油粕统一使用Product Output；Production避免重复。
葵花体系,Sunflower Oil,Ukraine,Imports,missing,AN24792,AN24792,SUNFLOWER OIL : World Supply and Demand Balance (1000 T),Commodity Section,Sunflower Oil,Ukraine,,,,,,,,,,,,False,False,,False,,,False,False,该指标章节没有该国家行；不得把缺行解释为0。
葵花体系,Sunflower Oil,Ukraine,Exports,direct,AN24792,AN24792,SUNFLOWER OIL : World Supply and Demand Balance (1000 T),Commodity Section,Sunflower Oil,Ukraine,Sunfloweroil Exports,1,70,84,rows 70–102,Oct Sept 25/26F | Oct Sept 24/25 | Oct Sept 23/24 | Oct Sept 22/23 | Oct Sept 21/22,B:F,"G:M (Apr–Sept, Oct–Mar, Jan–Dec)",1000 T,1000 T,AN24792!B84:F84,False,False,explicit_forecast,False,,,True,True,
葵花体系,Sunflower Oil,Ukraine,Crush,not_applicable,,,,,Sunflower Oil,Ukraine,,,,,,,,,,,,False,False,,False,,,False,False,油脂/油粕不使用Crush；Crush属于上游油籽。
葵花体系,Sunflower Oil,Ukraine,Product Output,direct,AN24792,AN24792,SUNFLOWER OIL : World Supply and Demand Balance (1000 T),Commodity Section,Sunflower Oil,Ukraine,Production,1,2,9,rows 4–24,Oct Sept 25/26F | Oct Sept 24/25 | Oct Sept 23/24 | Oct Sept 22/23 | Oct Sept 21/22,B:F,"G:M (Apr–Sept, Oct–Mar, Jan–Dec)",1000 T,1000 T,AN24792!B9:F9,False,False,explicit_forecast,False,,,True,True,
葵花体系,Sunflower Oil,Ukraine,Domestic Consumption,direct,AN24792,AN24792,SUNFLOWER OIL : World Supply and Demand Balance (1000 T),Commodity Section,Sunflower Oil,Ukraine,Sunfloweroil Disappear.(a),1,103,108,rows 103–135,Oct Sept 25/26F | Oct Sept 24/25 | Oct Sept 23/24 | Oct Sept 22/23 | Oct Sept 21/22,B:F,"G:M (Apr–Sept, Oct–Mar, Jan–Dec)",1000 T,1000 T,AN24792!B108:F108,True,False,explicit_forecast,False,,,True,True,Disappearance经同表平衡关系核对后映射Domestic Consumption。
葵花体系,Sunflower Oil,Ukraine,Ending Stocks,direct,AN24792,AN24792,SUNFLOWER OIL : World Supply and Demand Balance (1000 T),Commodity Section,Sunflower Oil,Ukraine,Sunfloweroil Ending stocks,1,136,140,rows 136–150,Oct Sept 25/26F | Oct Sept 24/25 | Oct Sept 23/24 | Oct Sept 22/23 | Oct Sept 21/22,B:F,"G:M (Apr–Sept, Oct–Mar, Jan–Dec)",1000 T,1000 T,AN24792!B140:F140,False,False,explicit_forecast,False,,,True,True,
葵花体系,Sunflower Oil,Ukraine,Stocks/Use Ratio,conflict,AN24792,AN24792,SUNFLOWER OIL : World Supply and Demand Balance (1000 T),Commodity Section,Sunflower Oil,Ukraine,,,,,,,,,,,,False,False,,False,,,False,False,原表未直接公布比例；Disappearance脚注(a)定义未在现有文件中完整找到，暂不建议派生。
葵花体系,Sunflower Oil,Ukraine,Area Harvested,not_applicable,,,,,Sunflower Oil,Ukraine,,,,,,,,,,,,False,False,,False,,,False,False,该产品不适用上游作物的Area Harvested或Yield。
葵花体系,Sunflower Oil,Ukraine,Yield,not_applicable,,,,,Sunflower Oil,Ukraine,,,,,,,,,,,,False,False,,False,,,False,False,该产品不适用上游作物的Area Harvested或Yield。
葵花体系,Sunflower Oil,European Union,Beginning Stocks,derived,AN24792,AN24792,SUNFLOWER OIL : World Supply and Demand Balance (1000 T),Commodity Section,Sunflower Oil,European Union,prior-year Ending stocks,1,136,137,Ending Stocks rows 136–150,25/26F | 24/25 | 23/24 | 22/23,derived from C:F of Ending Stocks,G:M,1000 T,1000 T,AN24792!C137:F137,False,False,explicit_forecast,True,Beginning Stocks(t) = Ending Stocks(t-1),AN24792 Ending Stocks row 137,True,True,仅对同一Oct–Sept序列顺延；不使用Jan–Dec国家表。
葵花体系,Sunflower Oil,European Union,Production,not_applicable,,,,,Sunflower Oil,European Union,,,,,,,,,,,,False,False,,False,,,False,False,油脂/油粕统一使用Product Output；Production避免重复。
葵花体系,Sunflower Oil,European Union,Imports,direct,AN24792,AN24792,SUNFLOWER OIL : World Supply and Demand Balance (1000 T),Commodity Section,Sunflower Oil,EU-27(b),Sunfloweroil Imports,1,25,26,rows 25–69,Oct Sept 25/26F | Oct Sept 24/25 | Oct Sept 23/24 | Oct Sept 22/23 | Oct Sept 21/22,B:F,"G:M (Apr–Sept, Oct–Mar, Jan–Dec)",1000 T,1000 T,AN24792!B26:F26,True,False,explicit_forecast,False,,,True,True,
葵花体系,Sunflower Oil,European Union,Exports,direct,AN24792,AN24792,SUNFLOWER OIL : World Supply and Demand Balance (1000 T),Commodity Section,Sunflower Oil,EU-27(b),Sunfloweroil Exports,1,70,80,rows 70–102,Oct Sept 25/26F | Oct Sept 24/25 | Oct Sept 23/24 | Oct Sept 22/23 | Oct Sept 21/22,B:F,"G:M (Apr–Sept, Oct–Mar, Jan–Dec)",1000 T,1000 T,AN24792!B80:F80,True,False,explicit_forecast,False,,,True,True,
葵花体系,Sunflower Oil,European Union,Crush,not_applicable,,,,,Sunflower Oil,European Union,,,,,,,,,,,,False,False,,False,,,False,False,油脂/油粕不使用Crush；Crush属于上游油籽。
葵花体系,Sunflower Oil,European Union,Product Output,direct,AN24792,AN24792,SUNFLOWER OIL : World Supply and Demand Balance (1000 T),Commodity Section,Sunflower Oil,EU-27,Production,1,2,5,rows 4–24,Oct Sept 25/26F | Oct Sept 24/25 | Oct Sept 23/24 | Oct Sept 22/23 | Oct Sept 21/22,B:F,"G:M (Apr–Sept, Oct–Mar, Jan–Dec)",1000 T,1000 T,AN24792!B5:F5,False,False,explicit_forecast,False,,,True,True,
葵花体系,Sunflower Oil,European Union,Domestic Consumption,direct,AN24792,AN24792,SUNFLOWER OIL : World Supply and Demand Balance (1000 T),Commodity Section,Sunflower Oil,EU-27,Sunfloweroil Disappear.(a),1,103,104,rows 103–135,Oct Sept 25/26F | Oct Sept 24/25 | Oct Sept 23/24 | Oct Sept 22/23 | Oct Sept 21/22,B:F,"G:M (Apr–Sept, Oct–Mar, Jan–Dec)",1000 T,1000 T,AN24792!B104:F104,True,False,explicit_forecast,False,,,True,True,Disappearance经同表平衡关系核对后映射Domestic Consumption。
葵花体系,Sunflower Oil,European Union,Ending Stocks,direct,AN24792,AN24792,SUNFLOWER OIL : World Supply and Demand Balance (1000 T),Commodity Section,Sunflower Oil,EU-27,Sunfloweroil Ending stocks,1,136,137,rows 136–150,Oct Sept 25/26F | Oct Sept 24/25 | Oct Sept 23/24 | Oct Sept 22/23 | Oct Sept 21/22,B:F,"G:M (Apr–Sept, Oct–Mar, Jan–Dec)",1000 T,1000 T,AN24792!B137:F137,False,False,explicit_forecast,False,,,True,True,
葵花体系,Sunflower Oil,European Union,Stocks/Use Ratio,conflict,AN24792,AN24792,SUNFLOWER OIL : World Supply and Demand Balance (1000 T),Commodity Section,Sunflower Oil,European Union,,,,,,,,,,,,False,False,,False,,,False,False,原表未直接公布比例；Disappearance脚注(a)定义未在现有文件中完整找到，暂不建议派生。
葵花体系,Sunflower Oil,European Union,Area Harvested,not_applicable,,,,,Sunflower Oil,European Union,,,,,,,,,,,,False,False,,False,,,False,False,该产品不适用上游作物的Area Harvested或Yield。
葵花体系,Sunflower Oil,European Union,Yield,not_applicable,,,,,Sunflower Oil,European Union,,,,,,,,,,,,False,False,,False,,,False,False,该产品不适用上游作物的Area Harvested或Yield。
葵花体系,Sunflower Oil,Argentina,Beginning Stocks,derived,AN24792,AN24792,SUNFLOWER OIL : World Supply and Demand Balance (1000 T),Commodity Section,Sunflower Oil,Argentina,prior-year Ending stocks,1,136,144,Ending Stocks rows 136–150,25/26F | 24/25 | 23/24 | 22/23,derived from C:F of Ending Stocks,G:M,1000 T,1000 T,AN24792!C144:F144,False,False,explicit_forecast,True,Beginning Stocks(t) = Ending Stocks(t-1),AN24792 Ending Stocks row 144,True,True,仅对同一Oct–Sept序列顺延；不使用Jan–Dec国家表。
葵花体系,Sunflower Oil,Argentina,Production,not_applicable,,,,,Sunflower Oil,Argentina,,,,,,,,,,,,False,False,,False,,,False,False,油脂/油粕统一使用Product Output；Production避免重复。
葵花体系,Sunflower Oil,Argentina,Imports,missing,AN24792,AN24792,SUNFLOWER OIL : World Supply and Demand Balance (1000 T),Commodity Section,Sunflower Oil,Argentina,,,,,,,,,,,,False,False,,False,,,False,False,该指标章节没有该国家行；不得把缺行解释为0。
葵花体系,Sunflower Oil,Argentina,Exports,direct,AN24792,AN24792,SUNFLOWER OIL : World Supply and Demand Balance (1000 T),Commodity Section,Sunflower Oil,Argentina,Sunfloweroil Exports,1,70,89,rows 70–102,Oct Sept 25/26F | Oct Sept 24/25 | Oct Sept 23/24 | Oct Sept 22/23 | Oct Sept 21/22,B:F,"G:M (Apr–Sept, Oct–Mar, Jan–Dec)",1000 T,1000 T,AN24792!B89:F89,False,False,explicit_forecast,False,,,True,True,
葵花体系,Sunflower Oil,Argentina,Crush,not_applicable,,,,,Sunflower Oil,Argentina,,,,,,,,,,,,False,False,,False,,,False,False,油脂/油粕不使用Crush；Crush属于上游油籽。
葵花体系,Sunflower Oil,Argentina,Product Output,direct,AN24792,AN24792,SUNFLOWER OIL : World Supply and Demand Balance (1000 T),Commodity Section,Sunflower Oil,Argentina,Production,1,2,13,rows 4–24,Oct Sept 25/26F | Oct Sept 24/25 | Oct Sept 23/24 | Oct Sept 22/23 | Oct Sept 21/22,B:F,"G:M (Apr–Sept, Oct–Mar, Jan–Dec)",1000 T,1000 T,AN24792!B13:F13,False,False,explicit_forecast,False,,,True,True,
葵花体系,Sunflower Oil,Argentina,Domestic Consumption,direct,AN24792,AN24792,SUNFLOWER OIL : World Supply and Demand Balance (1000 T),Commodity Section,Sunflower Oil,Argentina,Sunfloweroil Disappear.(a),1,103,120,rows 103–135,Oct Sept 25/26F | Oct Sept 24/25 | Oct Sept 23/24 | Oct Sept 22/23 | Oct Sept 21/22,B:F,"G:M (Apr–Sept, Oct–Mar, Jan–Dec)",1000 T,1000 T,AN24792!B120:F120,True,False,explicit_forecast,False,,,True,True,Disappearance经同表平衡关系核对后映射Domestic Consumption。
葵花体系,Sunflower Oil,Argentina,Ending Stocks,direct,AN24792,AN24792,SUNFLOWER OIL : World Supply and Demand Balance (1000 T),Commodity Section,Sunflower Oil,Argentina,Sunfloweroil Ending stocks,1,136,144,rows 136–150,Oct Sept 25/26F | Oct Sept 24/25 | Oct Sept 23/24 | Oct Sept 22/23 | Oct Sept 21/22,B:F,"G:M (Apr–Sept, Oct–Mar, Jan–Dec)",1000 T,1000 T,AN24792!B144:F144,False,False,explicit_forecast,False,,,True,True,
葵花体系,Sunflower Oil,Argentina,Stocks/Use Ratio,conflict,AN24792,AN24792,SUNFLOWER OIL : World Supply and Demand Balance (1000 T),Commodity Section,Sunflower Oil,Argentina,,,,,,,,,,,,False,False,,False,,,False,False,原表未直接公布比例；Disappearance脚注(a)定义未在现有文件中完整找到，暂不建议派生。
葵花体系,Sunflower Oil,Argentina,Area Harvested,not_applicable,,,,,Sunflower Oil,Argentina,,,,,,,,,,,,False,False,,False,,,False,False,该产品不适用上游作物的Area Harvested或Yield。
葵花体系,Sunflower Oil,Argentina,Yield,not_applicable,,,,,Sunflower Oil,Argentina,,,,,,,,,,,,False,False,,False,,,False,False,该产品不适用上游作物的Area Harvested或Yield。
葵花体系,Sunflower Meal,Global,Beginning Stocks,direct,AN34792,AN34792,SUNFLOWER MEAL : World Supply and Demand Balance (1000 T),Commodity Section,Sunflower Meal,Global,Open'g stocks,1,2,3,,Oct Sept 25/26F | Oct Sept 24/25 | Oct Sept 23/24 | Oct Sept 22/23 | Oct Sept 21/22,B:F,"G:M (Apr–Sept, Oct–Mar, Jan–Dec)",1000 T,1000 T,AN34792!B3:F3,False,False,explicit_forecast,False,,,True,True,
葵花体系,Sunflower Meal,Global,Production,not_applicable,,,,,Sunflower Meal,Global,,,,,,,,,,,,False,False,,False,,,False,False,油脂/油粕统一使用Product Output；Production避免重复。
葵花体系,Sunflower Meal,Global,Imports,direct,AN34792,AN34792,SUNFLOWER MEAL : World Supply and Demand Balance (1000 T),Commodity Section,Sunflower Meal,Global,Sunflowermeal Imports,1,20,41,rows 20–44,Oct Sept 25/26F | Oct Sept 24/25 | Oct Sept 23/24 | Oct Sept 22/23 | Oct Sept 21/22,B:F,"G:M (Apr–Sept, Oct–Mar, Jan–Dec)",1000 T,1000 T,AN34792!B41:F41,False,False,explicit_forecast,False,,,True,True,
葵花体系,Sunflower Meal,Global,Exports,direct,AN34792,AN34792,SUNFLOWER MEAL : World Supply and Demand Balance (1000 T),Commodity Section,Sunflower Meal,Global,Sunflowermeal Exports,1,45,56,rows 45–59,Oct Sept 25/26F | Oct Sept 24/25 | Oct Sept 23/24 | Oct Sept 22/23 | Oct Sept 21/22,B:F,"G:M (Apr–Sept, Oct–Mar, Jan–Dec)",1000 T,1000 T,AN34792!B56:F56,False,False,explicit_forecast,False,,,True,True,
葵花体系,Sunflower Meal,Global,Crush,not_applicable,,,,,Sunflower Meal,Global,,,,,,,,,,,,False,False,,False,,,False,False,油脂/油粕不使用Crush；Crush属于上游油籽。
葵花体系,Sunflower Meal,Global,Product Output,direct,AN34792,AN34792,SUNFLOWER MEAL : World Supply and Demand Balance (1000 T),Commodity Section,Sunflower Meal,Global,Meal Output,1,2,16,rows 4–19,Oct Sept 25/26F | Oct Sept 24/25 | Oct Sept 23/24 | Oct Sept 22/23 | Oct Sept 21/22,B:F,"G:M (Apr–Sept, Oct–Mar, Jan–Dec)",1000 T,1000 T,AN34792!B16:F16,False,False,explicit_forecast,False,,,True,True,
葵花体系,Sunflower Meal,Global,Domestic Consumption,direct,AN34792,AN34792,SUNFLOWER MEAL : World Supply and Demand Balance (1000 T),Commodity Section,Sunflower Meal,Global,Sunflowermeal Disappear.(a),1,60,72,rows 60–75,Oct Sept 25/26F | Oct Sept 24/25 | Oct Sept 23/24 | Oct Sept 22/23 | Oct Sept 21/22,B:F,"G:M (Apr–Sept, Oct–Mar, Jan–Dec)",1000 T,1000 T,AN34792!B72:F72,True,False,explicit_forecast,False,,,True,True,Disappearance通过同表总量平衡式核对后映射Domestic Consumption。
葵花体系,Sunflower Meal,Global,Ending Stocks,direct,AN34792,AN34792,SUNFLOWER MEAL : World Supply and Demand Balance (1000 T),Commodity Section,Sunflower Meal,Global,Sunflowermeal Ending stocks,1,76,81,rows 76–81,Oct Sept 25/26F | Oct Sept 24/25 | Oct Sept 23/24 | Oct Sept 22/23 | Oct Sept 21/22,B:F,"G:M (Apr–Sept, Oct–Mar, Jan–Dec)",1000 T,1000 T,AN34792!B81:F81,False,False,explicit_forecast,False,,,True,True,
葵花体系,Sunflower Meal,Global,Stocks/Use Ratio,conflict,AN34792,AN34792,SUNFLOWER MEAL : World Supply and Demand Balance (1000 T),Commodity Section,Sunflower Meal,Global,,,,,,,,,,,,False,False,,False,,,False,False,原表未直接公布Stocks/Use；Disappearance带脚注(a)，现有文件未提供完整分母定义，暂不派生。
葵花体系,Sunflower Meal,Global,Area Harvested,not_applicable,,,,,Sunflower Meal,Global,,,,,,,,,,,,False,False,,False,,,False,False,该产品不适用上游作物的Area Harvested或Yield。
葵花体系,Sunflower Meal,Global,Yield,not_applicable,,,,,Sunflower Meal,Global,,,,,,,,,,,,False,False,,False,,,False,False,该产品不适用上游作物的Area Harvested或Yield。
葵花体系,Sunflower Meal,Russia,Beginning Stocks,derived,AN34792,AN34792,SUNFLOWER MEAL : World Supply and Demand Balance (1000 T),Commodity Section,Sunflower Meal,Russia,prior-year Ending stocks,1,76,77,Ending Stocks rows 76–81,25/26F | 24/25 | 23/24 | 22/23,derived from C:F of Ending Stocks,G:M,1000 T,1000 T,AN34792!C77:F77,False,False,explicit_forecast,True,Beginning Stocks(t) = Ending Stocks(t-1),AN34792 Ending Stocks row 77,True,True,仅对同一Oct–Sept序列顺延；不使用Jan–Dec国家表。
葵花体系,Sunflower Meal,Russia,Production,not_applicable,,,,,Sunflower Meal,Russia,,,,,,,,,,,,False,False,,False,,,False,False,油脂/油粕统一使用Product Output；Production避免重复。
葵花体系,Sunflower Meal,Russia,Imports,missing,AN34792,AN34792,SUNFLOWER MEAL : World Supply and Demand Balance (1000 T),Commodity Section,Sunflower Meal,Russia,,,,,,,,,,,,False,False,,False,,,False,False,该指标章节没有该国家行；不得把缺行解释为0。
葵花体系,Sunflower Meal,Russia,Exports,direct,AN34792,AN34792,SUNFLOWER MEAL : World Supply and Demand Balance (1000 T),Commodity Section,Sunflower Meal,Russia,Sunflowermeal Exports,1,45,50,rows 45–59,Oct Sept 25/26F | Oct Sept 24/25 | Oct Sept 23/24 | Oct Sept 22/23 | Oct Sept 21/22,B:F,"G:M (Apr–Sept, Oct–Mar, Jan–Dec)",1000 T,1000 T,AN34792!B50:F50,False,False,explicit_forecast,False,,,True,True,
葵花体系,Sunflower Meal,Russia,Crush,not_applicable,,,,,Sunflower Meal,Russia,,,,,,,,,,,,False,False,,False,,,False,False,油脂/油粕不使用Crush；Crush属于上游油籽。
葵花体系,Sunflower Meal,Russia,Product Output,direct,AN34792,AN34792,SUNFLOWER MEAL : World Supply and Demand Balance (1000 T),Commodity Section,Sunflower Meal,Russia,Meal Output,1,2,7,rows 4–19,Oct Sept 25/26F | Oct Sept 24/25 | Oct Sept 23/24 | Oct Sept 22/23 | Oct Sept 21/22,B:F,"G:M (Apr–Sept, Oct–Mar, Jan–Dec)",1000 T,1000 T,AN34792!B7:F7,False,False,explicit_forecast,False,,,True,True,
葵花体系,Sunflower Meal,Russia,Domestic Consumption,direct,AN34792,AN34792,SUNFLOWER MEAL : World Supply and Demand Balance (1000 T),Commodity Section,Sunflower Meal,Russia,Sunflowermeal Disappear.(a),1,60,64,rows 60–75,Oct Sept 25/26F | Oct Sept 24/25 | Oct Sept 23/24 | Oct Sept 22/23 | Oct Sept 21/22,B:F,"G:M (Apr–Sept, Oct–Mar, Jan–Dec)",1000 T,1000 T,AN34792!B64:F64,True,False,explicit_forecast,False,,,True,True,Disappearance经同表平衡关系核对后映射Domestic Consumption。
葵花体系,Sunflower Meal,Russia,Ending Stocks,direct,AN34792,AN34792,SUNFLOWER MEAL : World Supply and Demand Balance (1000 T),Commodity Section,Sunflower Meal,Russia,Sunflowermeal Ending stocks,1,76,77,rows 76–81,Oct Sept 25/26F | Oct Sept 24/25 | Oct Sept 23/24 | Oct Sept 22/23 | Oct Sept 21/22,B:F,"G:M (Apr–Sept, Oct–Mar, Jan–Dec)",1000 T,1000 T,AN34792!B77:F77,False,False,explicit_forecast,False,,,True,True,
葵花体系,Sunflower Meal,Russia,Stocks/Use Ratio,conflict,AN34792,AN34792,SUNFLOWER MEAL : World Supply and Demand Balance (1000 T),Commodity Section,Sunflower Meal,Russia,,,,,,,,,,,,False,False,,False,,,False,False,原表未直接公布比例；Disappearance脚注(a)定义未在现有文件中完整找到，暂不建议派生。
葵花体系,Sunflower Meal,Russia,Area Harvested,not_applicable,,,,,Sunflower Meal,Russia,,,,,,,,,,,,False,False,,False,,,False,False,该产品不适用上游作物的Area Harvested或Yield。
葵花体系,Sunflower Meal,Russia,Yield,not_applicable,,,,,Sunflower Meal,Russia,,,,,,,,,,,,False,False,,False,,,False,False,该产品不适用上游作物的Area Harvested或Yield。
葵花体系,Sunflower Meal,Ukraine,Beginning Stocks,derived,AN34792,AN34792,SUNFLOWER MEAL : World Supply and Demand Balance (1000 T),Commodity Section,Sunflower Meal,Ukraine,prior-year Ending stocks,1,76,78,Ending Stocks rows 76–81,25/26F | 24/25 | 23/24 | 22/23,derived from C:F of Ending Stocks,G:M,1000 T,1000 T,AN34792!C78:F78,False,False,explicit_forecast,True,Beginning Stocks(t) = Ending Stocks(t-1),AN34792 Ending Stocks row 78,True,True,仅对同一Oct–Sept序列顺延；不使用Jan–Dec国家表。
葵花体系,Sunflower Meal,Ukraine,Production,not_applicable,,,,,Sunflower Meal,Ukraine,,,,,,,,,,,,False,False,,False,,,False,False,油脂/油粕统一使用Product Output；Production避免重复。
葵花体系,Sunflower Meal,Ukraine,Imports,missing,AN34792,AN34792,SUNFLOWER MEAL : World Supply and Demand Balance (1000 T),Commodity Section,Sunflower Meal,Ukraine,,,,,,,,,,,,False,False,,False,,,False,False,该指标章节没有该国家行；不得把缺行解释为0。
葵花体系,Sunflower Meal,Ukraine,Exports,direct,AN34792,AN34792,SUNFLOWER MEAL : World Supply and Demand Balance (1000 T),Commodity Section,Sunflower Meal,Ukraine,Sunflowermeal Exports,1,45,51,rows 45–59,Oct Sept 25/26F | Oct Sept 24/25 | Oct Sept 23/24 | Oct Sept 22/23 | Oct Sept 21/22,B:F,"G:M (Apr–Sept, Oct–Mar, Jan–Dec)",1000 T,1000 T,AN34792!B51:F51,False,False,explicit_forecast,False,,,True,True,
葵花体系,Sunflower Meal,Ukraine,Crush,not_applicable,,,,,Sunflower Meal,Ukraine,,,,,,,,,,,,False,False,,False,,,False,False,油脂/油粕不使用Crush；Crush属于上游油籽。
葵花体系,Sunflower Meal,Ukraine,Product Output,direct,AN34792,AN34792,SUNFLOWER MEAL : World Supply and Demand Balance (1000 T),Commodity Section,Sunflower Meal,Ukraine,Meal Output,1,2,8,rows 4–19,Oct Sept 25/26F | Oct Sept 24/25 | Oct Sept 23/24 | Oct Sept 22/23 | Oct Sept 21/22,B:F,"G:M (Apr–Sept, Oct–Mar, Jan–Dec)",1000 T,1000 T,AN34792!B8:F8,False,False,explicit_forecast,False,,,True,True,
葵花体系,Sunflower Meal,Ukraine,Domestic Consumption,direct,AN34792,AN34792,SUNFLOWER MEAL : World Supply and Demand Balance (1000 T),Commodity Section,Sunflower Meal,Ukraine,Sunflowermeal Disappear.(a),1,60,65,rows 60–75,Oct Sept 25/26F | Oct Sept 24/25 | Oct Sept 23/24 | Oct Sept 22/23 | Oct Sept 21/22,B:F,"G:M (Apr–Sept, Oct–Mar, Jan–Dec)",1000 T,1000 T,AN34792!B65:F65,True,False,explicit_forecast,False,,,True,True,Disappearance经同表平衡关系核对后映射Domestic Consumption。
葵花体系,Sunflower Meal,Ukraine,Ending Stocks,direct,AN34792,AN34792,SUNFLOWER MEAL : World Supply and Demand Balance (1000 T),Commodity Section,Sunflower Meal,Ukraine,Sunflowermeal Ending stocks,1,76,78,rows 76–81,Oct Sept 25/26F | Oct Sept 24/25 | Oct Sept 23/24 | Oct Sept 22/23 | Oct Sept 21/22,B:F,"G:M (Apr–Sept, Oct–Mar, Jan–Dec)",1000 T,1000 T,AN34792!B78:F78,False,False,explicit_forecast,False,,,True,True,
葵花体系,Sunflower Meal,Ukraine,Stocks/Use Ratio,conflict,AN34792,AN34792,SUNFLOWER MEAL : World Supply and Demand Balance (1000 T),Commodity Section,Sunflower Meal,Ukraine,,,,,,,,,,,,False,False,,False,,,False,False,原表未直接公布比例；Disappearance脚注(a)定义未在现有文件中完整找到，暂不建议派生。
葵花体系,Sunflower Meal,Ukraine,Area Harvested,not_applicable,,,,,Sunflower Meal,Ukraine,,,,,,,,,,,,False,False,,False,,,False,False,该产品不适用上游作物的Area Harvested或Yield。
葵花体系,Sunflower Meal,Ukraine,Yield,not_applicable,,,,,Sunflower Meal,Ukraine,,,,,,,,,,,,False,False,,False,,,False,False,该产品不适用上游作物的Area Harvested或Yield。
葵花体系,Sunflower Meal,European Union,Beginning Stocks,missing,AN34792,AN34792,SUNFLOWER MEAL : World Supply and Demand Balance (1000 T),Commodity Section,Sunflower Meal,European Union,,,,,,,,,,,,False,False,,False,,,False,False,Ending Stocks章节没有该国家完整行，不能顺延Beginning Stocks。
葵花体系,Sunflower Meal,European Union,Production,not_applicable,,,,,Sunflower Meal,European Union,,,,,,,,,,,,False,False,,False,,,False,False,油脂/油粕统一使用Product Output；Production避免重复。
葵花体系,Sunflower Meal,European Union,Imports,direct,AN34792,AN34792,SUNFLOWER MEAL : World Supply and Demand Balance (1000 T),Commodity Section,Sunflower Meal,EU-27(b),Sunflowermeal Imports,1,20,26,rows 20–44,Oct Sept 25/26F | Oct Sept 24/25 | Oct Sept 23/24 | Oct Sept 22/23 | Oct Sept 21/22,B:F,"G:M (Apr–Sept, Oct–Mar, Jan–Dec)",1000 T,1000 T,AN34792!B26:F26,True,False,explicit_forecast,False,,,True,True,
葵花体系,Sunflower Meal,European Union,Exports,direct,AN34792,AN34792,SUNFLOWER MEAL : World Supply and Demand Balance (1000 T),Commodity Section,Sunflower Meal,EU-27(b),Sunflowermeal Exports,1,45,46,rows 45–59,Oct Sept 25/26F | Oct Sept 24/25 | Oct Sept 23/24 | Oct Sept 22/23 | Oct Sept 21/22,B:F,"G:M (Apr–Sept, Oct–Mar, Jan–Dec)",1000 T,1000 T,AN34792!B46:F46,True,False,explicit_forecast,False,,,True,True,
葵花体系,Sunflower Meal,European Union,Crush,not_applicable,,,,,Sunflower Meal,European Union,,,,,,,,,,,,False,False,,False,,,False,False,油脂/油粕不使用Crush；Crush属于上游油籽。
葵花体系,Sunflower Meal,European Union,Product Output,direct,AN34792,AN34792,SUNFLOWER MEAL : World Supply and Demand Balance (1000 T),Commodity Section,Sunflower Meal,EU-27,Meal Output,1,2,5,rows 4–19,Oct Sept 25/26F | Oct Sept 24/25 | Oct Sept 23/24 | Oct Sept 22/23 | Oct Sept 21/22,B:F,"G:M (Apr–Sept, Oct–Mar, Jan–Dec)",1000 T,1000 T,AN34792!B5:F5,False,False,explicit_forecast,False,,,True,True,
葵花体系,Sunflower Meal,European Union,Domestic Consumption,direct,AN34792,AN34792,SUNFLOWER MEAL : World Supply and Demand Balance (1000 T),Commodity Section,Sunflower Meal,EU-27,Sunflowermeal Disappear.(a),1,60,61,rows 60–75,Oct Sept 25/26F | Oct Sept 24/25 | Oct Sept 23/24 | Oct Sept 22/23 | Oct Sept 21/22,B:F,"G:M (Apr–Sept, Oct–Mar, Jan–Dec)",1000 T,1000 T,AN34792!B61:F61,True,False,explicit_forecast,False,,,True,True,Disappearance经同表平衡关系核对后映射Domestic Consumption。
葵花体系,Sunflower Meal,European Union,Ending Stocks,missing,AN34792,AN34792,SUNFLOWER MEAL : World Supply and Demand Balance (1000 T),Commodity Section,Sunflower Meal,European Union,,,,,,,,,,,,False,False,,False,,,False,False,该指标章节没有该国家行；不得把缺行解释为0。
葵花体系,Sunflower Meal,European Union,Stocks/Use Ratio,missing,AN34792,AN34792,SUNFLOWER MEAL : World Supply and Demand Balance (1000 T),Commodity Section,Sunflower Meal,European Union,,,,,,,,,,,,False,False,,False,,,False,False,Ending Stocks或Disappearance缺行，比例无法构建。
葵花体系,Sunflower Meal,European Union,Area Harvested,not_applicable,,,,,Sunflower Meal,European Union,,,,,,,,,,,,False,False,,False,,,False,False,该产品不适用上游作物的Area Harvested或Yield。
葵花体系,Sunflower Meal,European Union,Yield,not_applicable,,,,,Sunflower Meal,European Union,,,,,,,,,,,,False,False,,False,,,False,False,该产品不适用上游作物的Area Harvested或Yield。
葵花体系,Sunflower Meal,Argentina,Beginning Stocks,derived,AN34792,AN34792,SUNFLOWER MEAL : World Supply and Demand Balance (1000 T),Commodity Section,Sunflower Meal,Argentina,prior-year Ending stocks,1,76,79,Ending Stocks rows 76–81,25/26F | 24/25 | 23/24 | 22/23,derived from C:F of Ending Stocks,G:M,1000 T,1000 T,AN34792!C79:F79,False,False,explicit_forecast,True,Beginning Stocks(t) = Ending Stocks(t-1),AN34792 Ending Stocks row 79,True,True,仅对同一Oct–Sept序列顺延；不使用Jan–Dec国家表。
葵花体系,Sunflower Meal,Argentina,Production,not_applicable,,,,,Sunflower Meal,Argentina,,,,,,,,,,,,False,False,,False,,,False,False,油脂/油粕统一使用Product Output；Production避免重复。
葵花体系,Sunflower Meal,Argentina,Imports,missing,AN34792,AN34792,SUNFLOWER MEAL : World Supply and Demand Balance (1000 T),Commodity Section,Sunflower Meal,Argentina,,,,,,,,,,,,False,False,,False,,,False,False,该指标章节没有该国家行；不得把缺行解释为0。
葵花体系,Sunflower Meal,Argentina,Exports,direct,AN34792,AN34792,SUNFLOWER MEAL : World Supply and Demand Balance (1000 T),Commodity Section,Sunflower Meal,Argentina,Sunflowermeal Exports,1,45,53,rows 45–59,Oct Sept 25/26F | Oct Sept 24/25 | Oct Sept 23/24 | Oct Sept 22/23 | Oct Sept 21/22,B:F,"G:M (Apr–Sept, Oct–Mar, Jan–Dec)",1000 T,1000 T,AN34792!B53:F53,False,False,explicit_forecast,False,,,True,True,
葵花体系,Sunflower Meal,Argentina,Crush,not_applicable,,,,,Sunflower Meal,Argentina,,,,,,,,,,,,False,False,,False,,,False,False,油脂/油粕不使用Crush；Crush属于上游油籽。
葵花体系,Sunflower Meal,Argentina,Product Output,direct,AN34792,AN34792,SUNFLOWER MEAL : World Supply and Demand Balance (1000 T),Commodity Section,Sunflower Meal,Argentina,Meal Output,1,2,11,rows 4–19,Oct Sept 25/26F | Oct Sept 24/25 | Oct Sept 23/24 | Oct Sept 22/23 | Oct Sept 21/22,B:F,"G:M (Apr–Sept, Oct–Mar, Jan–Dec)",1000 T,1000 T,AN34792!B11:F11,False,False,explicit_forecast,False,,,True,True,
葵花体系,Sunflower Meal,Argentina,Domestic Consumption,missing,AN34792,AN34792,SUNFLOWER MEAL : World Supply and Demand Balance (1000 T),Commodity Section,Sunflower Meal,Argentina,,,,,,,,,,,,False,False,,False,,,False,False,该指标章节没有该国家行；不得把缺行解释为0。
葵花体系,Sunflower Meal,Argentina,Ending Stocks,direct,AN34792,AN34792,SUNFLOWER MEAL : World Supply and Demand Balance (1000 T),Commodity Section,Sunflower Meal,Argentina,Sunflowermeal Ending stocks,1,76,79,rows 76–81,Oct Sept 25/26F | Oct Sept 24/25 | Oct Sept 23/24 | Oct Sept 22/23 | Oct Sept 21/22,B:F,"G:M (Apr–Sept, Oct–Mar, Jan–Dec)",1000 T,1000 T,AN34792!B79:F79,False,False,explicit_forecast,False,,,True,True,
葵花体系,Sunflower Meal,Argentina,Stocks/Use Ratio,missing,AN34792,AN34792,SUNFLOWER MEAL : World Supply and Demand Balance (1000 T),Commodity Section,Sunflower Meal,Argentina,,,,,,,,,,,,False,False,,False,,,False,False,Ending Stocks或Disappearance缺行，比例无法构建。
葵花体系,Sunflower Meal,Argentina,Area Harvested,not_applicable,,,,,Sunflower Meal,Argentina,,,,,,,,,,,,False,False,,False,,,False,False,该产品不适用上游作物的Area Harvested或Yield。
葵花体系,Sunflower Meal,Argentina,Yield,not_applicable,,,,,Sunflower Meal,Argentina,,,,,,,,,,,,False,False,,False,,,False,False,该产品不适用上游作物的Area Harvested或Yield。
棕榈油体系,Palm Oil,Global,Beginning Stocks,direct,AN26392,AN26392,PALM OIL : World Supply and Demand Balance (1000 T),Commodity Section,Palm Oil,Global,Open'g stocks,1,2,3,,Oct Sept 25/26F | Oct Sept 24/25 | Oct Sept 23/24 | Oct Sept 22/23 | Oct Sept 21/22,B:F,"G:M (Apr–Sept, Oct–Mar, Jan–Dec)",1000 T,1000 T,AN26392!B3:F3,False,False,explicit_forecast,False,,,True,True,
棕榈油体系,Palm Oil,Global,Production,not_applicable,,,,,Palm Oil,Global,,,,,,,,,,,,False,False,,False,,,False,False,油脂/油粕统一使用Product Output；Production避免重复。
棕榈油体系,Palm Oil,Global,Imports,direct,AN26392,AN26392,PALM OIL : World Supply and Demand Balance (1000 T),Commodity Section,Palm Oil,Global,Palm oil Imports,1,28,69,rows 28–72,Oct Sept 25/26F | Oct Sept 24/25 | Oct Sept 23/24 | Oct Sept 22/23 | Oct Sept 21/22,B:F,"G:M (Apr–Sept, Oct–Mar, Jan–Dec)",1000 T,1000 T,AN26392!B69:F69,False,False,explicit_forecast,False,,,True,True,
棕榈油体系,Palm Oil,Global,Exports,direct,AN26392,AN26392,PALM OIL : World Supply and Demand Balance (1000 T),Commodity Section,Palm Oil,Global,Palm oil Exports,1,73,95,rows 73–98,Oct Sept 25/26F | Oct Sept 24/25 | Oct Sept 23/24 | Oct Sept 22/23 | Oct Sept 21/22,B:F,"G:M (Apr–Sept, Oct–Mar, Jan–Dec)",1000 T,1000 T,AN26392!B95:F95,False,False,explicit_forecast,False,,,True,True,
棕榈油体系,Palm Oil,Global,Crush,not_applicable,,,,,Palm Oil,Global,,,,,,,,,,,,False,False,,False,,,False,False,油脂/油粕不使用Crush；Crush属于上游油籽。
棕榈油体系,Palm Oil,Global,Product Output,direct,AN26392,AN26392,PALM OIL : World Supply and Demand Balance (1000 T),Commodity Section,Palm Oil,Global,Production,1,2,24,rows 4–27,Oct Sept 25/26F | Oct Sept 24/25 | Oct Sept 23/24 | Oct Sept 22/23 | Oct Sept 21/22,B:F,"G:M (Apr–Sept, Oct–Mar, Jan–Dec)",1000 T,1000 T,AN26392!B24:F24,False,False,explicit_forecast,False,,,True,True,
棕榈油体系,Palm Oil,Global,Domestic Consumption,direct,AN26392,AN26392,PALM OIL : World Supply and Demand Balance (1000 T),Commodity Section,Palm Oil,Global,Palm oil Disappear.(a),1,99,135,rows 99–138,Oct Sept 25/26F | Oct Sept 24/25 | Oct Sept 23/24 | Oct Sept 22/23 | Oct Sept 21/22,B:F,"G:M (Apr–Sept, Oct–Mar, Jan–Dec)",1000 T,1000 T,AN26392!B135:F135,True,False,explicit_forecast,False,,,True,True,Disappearance通过同表总量平衡式核对后映射Domestic Consumption。
棕榈油体系,Palm Oil,Global,Ending Stocks,direct,AN26392,AN26392,PALM OIL : World Supply and Demand Balance (1000 T),Commodity Section,Palm Oil,Global,Palm oil Ending stocks,1,139,153,rows 139–153,Oct Sept 25/26F | Oct Sept 24/25 | Oct Sept 23/24 | Oct Sept 22/23 | Oct Sept 21/22,B:F,"G:M (Apr–Sept, Oct–Mar, Jan–Dec)",1000 T,1000 T,AN26392!B153:F153,False,False,explicit_forecast,False,,,True,True,
棕榈油体系,Palm Oil,Global,Stocks/Use Ratio,conflict,AN26392,AN26392,PALM OIL : World Supply and Demand Balance (1000 T),Commodity Section,Palm Oil,Global,,,,,,,,,,,,False,False,,False,,,False,False,原表未直接公布Stocks/Use；Disappearance带脚注(a)，现有文件未提供完整分母定义，暂不派生。
棕榈油体系,Palm Oil,Global,Area Harvested,not_applicable,,,,,Palm Oil,Global,,,,,,,,,,,,False,False,,False,,,False,False,该产品不适用上游作物的Area Harvested或Yield。
棕榈油体系,Palm Oil,Global,Yield,not_applicable,,,,,Palm Oil,Global,,,,,,,,,,,,False,False,,False,,,False,False,该产品不适用上游作物的Area Harvested或Yield。
棕榈油体系,Palm Oil,Indonesia,Beginning Stocks,derived,AN26392,AN26392,PALM OIL : World Supply and Demand Balance (1000 T),Commodity Section,Palm Oil,Indonesia,prior-year Ending stocks,1,139,148,Ending Stocks rows 139–153,25/26F | 24/25 | 23/24 | 22/23,derived from C:F of Ending Stocks,G:M,1000 T,1000 T,AN26392!C148:F148,False,False,explicit_forecast,True,Beginning Stocks(t) = Ending Stocks(t-1),AN26392 Ending Stocks row 148,True,True,仅对同一Oct–Sept序列顺延；不使用Jan–Dec国家表。
棕榈油体系,Palm Oil,Indonesia,Production,not_applicable,,,,,Palm Oil,Indonesia,,,,,,,,,,,,False,False,,False,,,False,False,油脂/油粕统一使用Product Output；Production避免重复。
棕榈油体系,Palm Oil,Indonesia,Imports,missing,AN26392,AN26392,PALM OIL : World Supply and Demand Balance (1000 T),Commodity Section,Palm Oil,Indonesia,,,,,,,,,,,,False,False,,False,,,False,False,该指标章节没有该国家行；不得把缺行解释为0。
棕榈油体系,Palm Oil,Indonesia,Exports,direct,AN26392,AN26392,PALM OIL : World Supply and Demand Balance (1000 T),Commodity Section,Palm Oil,Indonesia,Palm oil Exports,1,73,87,rows 73–98,Oct Sept 25/26F | Oct Sept 24/25 | Oct Sept 23/24 | Oct Sept 22/23 | Oct Sept 21/22,B:F,"G:M (Apr–Sept, Oct–Mar, Jan–Dec)",1000 T,1000 T,AN26392!B87:F87,False,False,explicit_forecast,False,,,True,True,
棕榈油体系,Palm Oil,Indonesia,Crush,not_applicable,,,,,Palm Oil,Indonesia,,,,,,,,,,,,False,False,,False,,,False,False,油脂/油粕不使用Crush；Crush属于上游油籽。
棕榈油体系,Palm Oil,Indonesia,Product Output,direct,AN26392,AN26392,PALM OIL : World Supply and Demand Balance (1000 T),Commodity Section,Palm Oil,Indonesia,Production,1,2,18,rows 4–27,Oct Sept 25/26F | Oct Sept 24/25 | Oct Sept 23/24 | Oct Sept 22/23 | Oct Sept 21/22,B:F,"G:M (Apr–Sept, Oct–Mar, Jan–Dec)",1000 T,1000 T,AN26392!B18:F18,False,False,explicit_forecast,False,,,True,True,
棕榈油体系,Palm Oil,Indonesia,Domestic Consumption,direct,AN26392,AN26392,PALM OIL : World Supply and Demand Balance (1000 T),Commodity Section,Palm Oil,Indonesia,Palm oil Disappear.(a),1,99,122,rows 99–138,Oct Sept 25/26F | Oct Sept 24/25 | Oct Sept 23/24 | Oct Sept 22/23 | Oct Sept 21/22,B:F,"G:M (Apr–Sept, Oct–Mar, Jan–Dec)",1000 T,1000 T,AN26392!B122:F122,True,False,explicit_forecast,False,,,True,True,Disappearance经同表平衡关系核对后映射Domestic Consumption。
棕榈油体系,Palm Oil,Indonesia,Ending Stocks,direct,AN26392,AN26392,PALM OIL : World Supply and Demand Balance (1000 T),Commodity Section,Palm Oil,Indonesia,Palm oil Ending stocks,1,139,148,rows 139–153,Oct Sept 25/26F | Oct Sept 24/25 | Oct Sept 23/24 | Oct Sept 22/23 | Oct Sept 21/22,B:F,"G:M (Apr–Sept, Oct–Mar, Jan–Dec)",1000 T,1000 T,AN26392!B148:F148,False,False,explicit_forecast,False,,,True,True,
棕榈油体系,Palm Oil,Indonesia,Stocks/Use Ratio,conflict,AN26392,AN26392,PALM OIL : World Supply and Demand Balance (1000 T),Commodity Section,Palm Oil,Indonesia,,,,,,,,,,,,False,False,,False,,,False,False,原表未直接公布比例；Disappearance脚注(a)定义未在现有文件中完整找到，暂不建议派生。
棕榈油体系,Palm Oil,Indonesia,Area Harvested,not_applicable,,,,,Palm Oil,Indonesia,,,,,,,,,,,,False,False,,False,,,False,False,该产品不适用上游作物的Area Harvested或Yield。
棕榈油体系,Palm Oil,Indonesia,Yield,not_applicable,,,,,Palm Oil,Indonesia,,,,,,,,,,,,False,False,,False,,,False,False,该产品不适用上游作物的Area Harvested或Yield。
棕榈油体系,Palm Oil,Malaysia,Beginning Stocks,derived,AN26392,AN26392,PALM OIL : World Supply and Demand Balance (1000 T),Commodity Section,Palm Oil,Malaysia,prior-year Ending stocks,1,139,149,Ending Stocks rows 139–153,25/26F | 24/25 | 23/24 | 22/23,derived from C:F of Ending Stocks,G:M,1000 T,1000 T,AN26392!C149:F149,False,False,explicit_forecast,True,Beginning Stocks(t) = Ending Stocks(t-1),AN26392 Ending Stocks row 149,True,True,仅对同一Oct–Sept序列顺延；不使用Jan–Dec国家表。
棕榈油体系,Palm Oil,Malaysia,Production,not_applicable,,,,,Palm Oil,Malaysia,,,,,,,,,,,,False,False,,False,,,False,False,油脂/油粕统一使用Product Output；Production避免重复。
棕榈油体系,Palm Oil,Malaysia,Imports,direct,AN26392,AN26392,PALM OIL : World Supply and Demand Balance (1000 T),Commodity Section,Palm Oil,Malaysia,Palm oil Imports,1,28,56,rows 28–72,Oct Sept 25/26F | Oct Sept 24/25 | Oct Sept 23/24 | Oct Sept 22/23 | Oct Sept 21/22,B:F,"G:M (Apr–Sept, Oct–Mar, Jan–Dec)",1000 T,1000 T,AN26392!B56:F56,False,False,explicit_forecast,False,,,True,True,
棕榈油体系,Palm Oil,Malaysia,Exports,direct,AN26392,AN26392,PALM OIL : World Supply and Demand Balance (1000 T),Commodity Section,Palm Oil,Malaysia,Palm oil Exports,1,73,88,rows 73–98,Oct Sept 25/26F | Oct Sept 24/25 | Oct Sept 23/24 | Oct Sept 22/23 | Oct Sept 21/22,B:F,"G:M (Apr–Sept, Oct–Mar, Jan–Dec)",1000 T,1000 T,AN26392!B88:F88,False,False,explicit_forecast,False,,,True,True,
棕榈油体系,Palm Oil,Malaysia,Crush,not_applicable,,,,,Palm Oil,Malaysia,,,,,,,,,,,,False,False,,False,,,False,False,油脂/油粕不使用Crush；Crush属于上游油籽。
棕榈油体系,Palm Oil,Malaysia,Product Output,direct,AN26392,AN26392,PALM OIL : World Supply and Demand Balance (1000 T),Commodity Section,Palm Oil,Malaysia,Production,1,2,20,rows 4–27,Oct Sept 25/26F | Oct Sept 24/25 | Oct Sept 23/24 | Oct Sept 22/23 | Oct Sept 21/22,B:F,"G:M (Apr–Sept, Oct–Mar, Jan–Dec)",1000 T,1000 T,AN26392!B20:F20,False,False,explicit_forecast,False,,,True,True,
棕榈油体系,Palm Oil,Malaysia,Domestic Consumption,direct,AN26392,AN26392,PALM OIL : World Supply and Demand Balance (1000 T),Commodity Section,Palm Oil,Malaysia,Palm oil Disappear.(a),1,99,127,rows 99–138,Oct Sept 25/26F | Oct Sept 24/25 | Oct Sept 23/24 | Oct Sept 22/23 | Oct Sept 21/22,B:F,"G:M (Apr–Sept, Oct–Mar, Jan–Dec)",1000 T,1000 T,AN26392!B127:F127,True,False,explicit_forecast,False,,,True,True,Disappearance经同表平衡关系核对后映射Domestic Consumption。
棕榈油体系,Palm Oil,Malaysia,Ending Stocks,direct,AN26392,AN26392,PALM OIL : World Supply and Demand Balance (1000 T),Commodity Section,Palm Oil,Malaysia,Palm oil Ending stocks,1,139,149,rows 139–153,Oct Sept 25/26F | Oct Sept 24/25 | Oct Sept 23/24 | Oct Sept 22/23 | Oct Sept 21/22,B:F,"G:M (Apr–Sept, Oct–Mar, Jan–Dec)",1000 T,1000 T,AN26392!B149:F149,False,False,explicit_forecast,False,,,True,True,
棕榈油体系,Palm Oil,Malaysia,Stocks/Use Ratio,conflict,AN26392,AN26392,PALM OIL : World Supply and Demand Balance (1000 T),Commodity Section,Palm Oil,Malaysia,,,,,,,,,,,,False,False,,False,,,False,False,原表未直接公布比例；Disappearance脚注(a)定义未在现有文件中完整找到，暂不建议派生。
棕榈油体系,Palm Oil,Malaysia,Area Harvested,not_applicable,,,,,Palm Oil,Malaysia,,,,,,,,,,,,False,False,,False,,,False,False,该产品不适用上游作物的Area Harvested或Yield。
棕榈油体系,Palm Oil,Malaysia,Yield,not_applicable,,,,,Palm Oil,Malaysia,,,,,,,,,,,,False,False,,False,,,False,False,该产品不适用上游作物的Area Harvested或Yield。
棕榈油体系,Palm Oil,G2,Beginning Stocks,derived,AN26392,AN26392,PALM OIL : World Supply and Demand Balance (1000 T),Commodity Section,Palm Oil,G2,prior-year Ending stocks,1,139,148 + 149,Ending Stocks rows 139–153,25/26F | 24/25 | 23/24 | 22/23,derived from C:F of Ending Stocks,G:M,1000 T,1000 T,AN26392!C148:F148 + AN26392!C149:F149,False,False,explicit_forecast,True,G2 Beginning Stocks(t) = sum of member Ending Stocks(t-1),Indonesia: row 148; Malaysia: row 149,True,True,只发布组成国在相同Oct–Sept年度均有Ending Stocks的重叠年度。
棕榈油体系,Palm Oil,G2,Production,not_applicable,,,,,Palm Oil,G2,,,,,,,,,,,,False,False,,False,,,False,False,油脂/油粕统一使用Product Output；Production避免重复。
棕榈油体系,Palm Oil,G2,Imports,missing,AN26392,AN26392,PALM OIL : World Supply and Demand Balance (1000 T),Commodity Section,Palm Oil,G2,,,,,,,,,,,,False,False,,False,,,False,False,G2至少一个组成国在该章节缺行或缺值，不能补0。
棕榈油体系,Palm Oil,G2,Exports,derived,AN26392,AN26392,PALM OIL : World Supply and Demand Balance (1000 T),Commodity Section,Palm Oil,G2,Palm oil Exports,1,73,87 + 88,rows 73–98,Oct Sept 25/26F | Oct Sept 24/25 | Oct Sept 23/24 | Oct Sept 22/23 | Oct Sept 21/22,B:F,G:M,1000 T,1000 T,AN26392!B87:F87 + AN26392!B88:F88,False,False,explicit_forecast,True,G2 = Indonesia + Malaysia,Indonesia: row 87; Malaysia: row 88,True,True,只发布所有组成国同年、同指标、同单位均有效的年度；空白不得按0。
棕榈油体系,Palm Oil,G2,Crush,not_applicable,,,,,Palm Oil,G2,,,,,,,,,,,,False,False,,False,,,False,False,油脂/油粕不使用Crush；Crush属于上游油籽。
棕榈油体系,Palm Oil,G2,Product Output,derived,AN26392,AN26392,PALM OIL : World Supply and Demand Balance (1000 T),Commodity Section,Palm Oil,G2,Production,1,2,18 + 20,rows 4–27,Oct Sept 25/26F | Oct Sept 24/25 | Oct Sept 23/24 | Oct Sept 22/23 | Oct Sept 21/22,B:F,G:M,1000 T,1000 T,AN26392!B18:F18 + AN26392!B20:F20,False,False,explicit_forecast,True,G2 = Indonesia + Malaysia,Indonesia: row 18; Malaysia: row 20,True,True,只发布所有组成国同年、同指标、同单位均有效的年度；空白不得按0。
棕榈油体系,Palm Oil,G2,Domestic Consumption,derived,AN26392,AN26392,PALM OIL : World Supply and Demand Balance (1000 T),Commodity Section,Palm Oil,G2,Palm oil Disappear.(a),1,99,122 + 127,rows 99–138,Oct Sept 25/26F | Oct Sept 24/25 | Oct Sept 23/24 | Oct Sept 22/23 | Oct Sept 21/22,B:F,G:M,1000 T,1000 T,AN26392!B122:F122 + AN26392!B127:F127,False,False,explicit_forecast,True,G2 = Indonesia + Malaysia,Indonesia: row 122; Malaysia: row 127,True,True,只发布所有组成国同年、同指标、同单位均有效的年度；空白不得按0。
棕榈油体系,Palm Oil,G2,Ending Stocks,derived,AN26392,AN26392,PALM OIL : World Supply and Demand Balance (1000 T),Commodity Section,Palm Oil,G2,Palm oil Ending stocks,1,139,148 + 149,rows 139–153,Oct Sept 25/26F | Oct Sept 24/25 | Oct Sept 23/24 | Oct Sept 22/23 | Oct Sept 21/22,B:F,G:M,1000 T,1000 T,AN26392!B148:F148 + AN26392!B149:F149,False,False,explicit_forecast,True,G2 = Indonesia + Malaysia,Indonesia: row 148; Malaysia: row 149,True,True,只发布所有组成国同年、同指标、同单位均有效的年度；空白不得按0。
棕榈油体系,Palm Oil,G2,Stocks/Use Ratio,conflict,AN26392,AN26392,PALM OIL : World Supply and Demand Balance (1000 T),Commodity Section,Palm Oil,G2,,,,,,,,,,,,False,False,,False,,,False,False,聚合Ending Stocks与Disappearance虽可求和，但脚注分母定义未从现有文件确认，暂不派生比例。
棕榈油体系,Palm Oil,G2,Area Harvested,not_applicable,,,,,Palm Oil,G2,,,,,,,,,,,,False,False,,False,,,False,False,该产品不适用上游作物的Area Harvested或Yield。
棕榈油体系,Palm Oil,G2,Yield,not_applicable,,,,,Palm Oil,G2,,,,,,,,,,,,False,False,,False,,,False,False,该产品不适用上游作物的Area Harvested或Yield。
棕榈油体系,Palm Oil,India,Beginning Stocks,derived,AN26392,AN26392,PALM OIL : World Supply and Demand Balance (1000 T),Commodity Section,Palm Oil,India,prior-year Ending stocks,1,139,147,Ending Stocks rows 139–153,25/26F | 24/25 | 23/24 | 22/23,derived from C:F of Ending Stocks,G:M,1000 T,1000 T,AN26392!C147:F147,False,False,explicit_forecast,True,Beginning Stocks(t) = Ending Stocks(t-1),AN26392 Ending Stocks row 147,True,True,仅对同一Oct–Sept序列顺延；不使用Jan–Dec国家表。
棕榈油体系,Palm Oil,India,Production,not_applicable,,,,,Palm Oil,India,,,,,,,,,,,,False,False,,False,,,False,False,油脂/油粕统一使用Product Output；Production避免重复。
棕榈油体系,Palm Oil,India,Imports,direct,AN26392,AN26392,PALM OIL : World Supply and Demand Balance (1000 T),Commodity Section,Palm Oil,India,Palm oil Imports,1,28,50,rows 28–72,Oct Sept 25/26F | Oct Sept 24/25 | Oct Sept 23/24 | Oct Sept 22/23 | Oct Sept 21/22,B:F,"G:M (Apr–Sept, Oct–Mar, Jan–Dec)",1000 T,1000 T,AN26392!B50:F50,False,False,explicit_forecast,False,,,True,True,
棕榈油体系,Palm Oil,India,Exports,missing,AN26392,AN26392,PALM OIL : World Supply and Demand Balance (1000 T),Commodity Section,Palm Oil,India,,,,,,,,,,,,False,False,,False,,,False,False,该指标章节没有该国家行；不得把缺行解释为0。
棕榈油体系,Palm Oil,India,Crush,not_applicable,,,,,Palm Oil,India,,,,,,,,,,,,False,False,,False,,,False,False,油脂/油粕不使用Crush；Crush属于上游油籽。
棕榈油体系,Palm Oil,India,Product Output,missing,AN26392,AN26392,PALM OIL : World Supply and Demand Balance (1000 T),Commodity Section,Palm Oil,India,,,,,,,,,,,,False,False,,False,,,False,False,该指标章节没有该国家行；不得把缺行解释为0。
棕榈油体系,Palm Oil,India,Domestic Consumption,direct,AN26392,AN26392,PALM OIL : World Supply and Demand Balance (1000 T),Commodity Section,Palm Oil,India,Palm oil Disappear.(a),1,99,121,rows 99–138,Oct Sept 25/26F | Oct Sept 24/25 | Oct Sept 23/24 | Oct Sept 22/23 | Oct Sept 21/22,B:F,"G:M (Apr–Sept, Oct–Mar, Jan–Dec)",1000 T,1000 T,AN26392!B121:F121,True,False,explicit_forecast,False,,,True,True,Disappearance经同表平衡关系核对后映射Domestic Consumption。
棕榈油体系,Palm Oil,India,Ending Stocks,direct,AN26392,AN26392,PALM OIL : World Supply and Demand Balance (1000 T),Commodity Section,Palm Oil,India,Palm oil Ending stocks,1,139,147,rows 139–153,Oct Sept 25/26F | Oct Sept 24/25 | Oct Sept 23/24 | Oct Sept 22/23 | Oct Sept 21/22,B:F,"G:M (Apr–Sept, Oct–Mar, Jan–Dec)",1000 T,1000 T,AN26392!B147:F147,False,False,explicit_forecast,False,,,True,True,
棕榈油体系,Palm Oil,India,Stocks/Use Ratio,conflict,AN26392,AN26392,PALM OIL : World Supply and Demand Balance (1000 T),Commodity Section,Palm Oil,India,,,,,,,,,,,,False,False,,False,,,False,False,原表未直接公布比例；Disappearance脚注(a)定义未在现有文件中完整找到，暂不建议派生。
棕榈油体系,Palm Oil,India,Area Harvested,not_applicable,,,,,Palm Oil,India,,,,,,,,,,,,False,False,,False,,,False,False,该产品不适用上游作物的Area Harvested或Yield。
棕榈油体系,Palm Oil,India,Yield,not_applicable,,,,,Palm Oil,India,,,,,,,,,,,,False,False,,False,,,False,False,该产品不适用上游作物的Area Harvested或Yield。
